tau,P,omega,omega_0,fidelity,epsilon,Teff,intH,DintH,normax
#REFERENCE:3.988001125313737e-05,0.8028300624773725,0.00046564493494203035,0.7166855240408052
0.1,1000,62.83185307179586,2.1709079388110846,0.0002473119533376565,0.7698055192717441,1.8436469457672648,123.9088163331033,8.777420313984638e-07,2001.050788147277
0.1,1000,62.83185307179586,2.591579188665106,0.0001919617059935651,0.7657033261962269,1.5447735529775621,104.76651002104975,4.764845080274656e-07,1687.0834116016738
0.1,1000,62.83185307179586,3.0937667005816545,0.00015582753736911328,0.7667906929425229,1.294489950771821,89.22006323833487,7.306960915430192e-07,1424.0799605585198
0.1,1000,62.83185307179586,3.6932664220683193,0.000114009991094696,0.7757145569607077,1.0849236824112107,76.907603012248,8.057076094272534e-07,1203.767850358874
0.1,1000,62.83185307179586,4.408935186293411,7.758538565701825e-05,0.7883653598209387,0.9094830473931617,67.59463934467064,8.247596038830695e-07,1019.2173218083693
0.1,1000,62.83185307179586,5.263283840229962,5.0228818964173814e-05,0.8012518202702693,0.7626497873396345,61.13825480062159,2.728274523303456e-08,1003.2032865128754
0.1,1000,62.83185307179586,6.283185307179586,3.098514375946752e-05,0.8125585412226208,0.6398055307762306,57.43052624715082,1.5197856886862695e-09,1056.2052896917014
0.1,1000,62.83185307179586,7.500719855274338,1.8167185036344405e-05,0.821481635187117,0.5370865897555153,56.35043637360051,9.492145642760642e-09,1171.481939822658
0.1,1000,62.83185307179586,8.954184159270191,1.0271326532079527e-05,0.8280391268937438,0.4512624986933175,57.765280215717084,1.1856730299082461e-08,1344.6785329875042
0.1,1000,62.83185307179586,10.689295894946174,5.865762498234825e-06,0.8342089907182328,0.37963456199208245,61.57683989983507,1.088999000089095e-08,1573.9073308118195
0.1,1000,62.83185307179586,12.760631755760757,3.4807363496557704e-06,0.8457117870380695,0.31995121573601654,67.76678499151878,1.1790921621584574e-08,1861.0299255201805
0.1,1000,62.83185307179586,15.233344123546667,1.9134365952812357e-06,0.869381366478409,0.27033766012381116,76.41660873161977,1.3704393114808246e-08,2211.6207904150046
0.1,1000,62.83185307179586,18.185210389887885,1.1793113431680707e-06,0.896370105030845,0.22923768802088088,87.71080639917479,8.40043335756689e-09,2634.609577572329
0.1,1000,62.83185307179586,21.70907938811084,2.479955589672682e-06,0.8846645496541834,0.19536620312148892,101.93741978400342,1.676862474951097e-07,3142.0699661656445
0.1,1000,62.83185307179586,25.91579188665106,1.57511608014064e-05,0.8252651642016423,0.16767156799704827,119.4923218281841,2.912086295921668e-08,3749.2555295334887
0.1,1000,62.83185307179586,30.93766700581654,1.761133403912351e-05,0.840142467056642,0.14530800809000155,140.88832971238918,1.5966290226955162e-06,4474.863241990266
0.1,1000,62.83185307179586,36.932664220683186,7.97708434631985e-06,0.8699331234815795,0.1276207562106565,166.76887942467255,6.640730084209716e-07,5341.491840646491
0.1,1000,62.83185307179586,44.0893518629341,7.232310905916094e-06,0.8433901544155512,0.11415402727241822,197.92623949162126,2.8488971653233922e-06,6376.276630059654
0.1,1000,62.83185307179586,52.6328384022996,2.2850113166643086e-06,0.8661004480632922,0.10472497849295898,235.32469630216133,1.3452509469248602e-06,7611.699046409112
0.1,1000,62.83185307179586,62.83185307179586,6.645405332729959e-06,0.8840192170548776,0.1,280.1294962147304,5.301990194044823e-08,9086.583159507321
0.1,1000,125.66370614359172,2.1709079388110846,0.0013450904124766526,0.7111766326718338,3.6856439948224855,246.05231974733607,2.7278220221260156e-06,3935.2721528298457
0.1,1000,125.66370614359172,2.591579188665106,0.0007444278587863585,0.7344786376288284,3.0875773926489978,206.93668190949947,1.9126787138067325e-06,3307.337399738639
0.1,1000,125.66370614359172,3.0937667005816545,0.00048176036860312065,0.750316460447762,2.586628327147091,174.62025984580364,2.211276466057441e-06,2781.330497652331
0.1,1000,125.66370614359172,3.6932664220683193,0.00034220496331449336,0.7639904298753639,2.1670398073073907,148.21170153656038,1.9997659781822996e-06,2340.70627725304
0.1,1000,125.66370614359172,4.408935186293411,0.0002463050961228905,0.7777920984450857,1.8156139862646192,127.02170169517524,1.721790537421853e-06,1971.60522015203
0.1,1000,125.66370614359172,5.263283840229962,0.00017292776128091013,0.7921630869950335,1.521297028673507,110.51533762819896,1.1854568119019417e-06,1740.9553583364816
0.1,1000,125.66370614359172,6.283185307179586,0.00011586433120343367,0.8069655787514,1.274831428643404,98.27201401138723,1.2421547766696088e-07,1869.4305469338176
0.1,1000,125.66370614359172,7.500719855274338,7.295775776823946e-05,0.8216076553613169,1.0684648163696058,89.97052484092823,5.084846511203543e-07,2097.6919397370093
0.1,1000,125.66370614359172,8.954184159270191,4.346210066264012e-05,0.8345397033096343,0.895706145831795,85.39224425535954,8.141617306821017e-08,2420.5652584067884
0.1,1000,125.66370614359172,10.689295894946174,2.6424749638543074e-05,0.8428034256262685,0.7511215172367139,84.41966531230325,1.1600961378781212e-06,2837.4660197088406
0.1,1000,125.66370614359172,12.760631755760757,1.9962869905300235e-05,0.8425103193804019,0.6301633001328183,87.02121070282823,5.5245270220183266e-08,3354.949877023765
0.1,1000,125.66370614359172,15.233344123546667,2.2997728997519075e-05,0.8318708301087989,0.5290271357412346,93.23379915399994,7.358691212236956e-08,3984.957420818871
0.1,1000,125.66370614359172,18.185210389887885,3.52815985713618e-05,0.8175188556726009,0.44453238121486427,103.16027253060113,8.83733103984935e-07,4744.574604612268
0.1,1000,125.66370614359172,21.70907938811084,4.3072966096658365e-05,0.8179442579640992,0.3740221827111589,116.9867609319189,9.087160627057713e-07,5656.016653535741
0.1,1000,125.66370614359172,25.91579188665106,2.845228061472201e-05,0.8439771330827749,0.3152802074908327,135.01111812705423,3.551539141225266e-07,6746.932536564527
0.1,1000,125.66370614359172,30.93766700581654,1.6213693590136516e-05,0.8549425478673066,0.26646138770091915,157.67173042965894,1.1892215117078629e-06,8051.018979707652
0.1,1000,125.66370614359172,36.932664220683186,3.254271442001192e-05,0.8132945431174251,0.22603473266943566,185.57244168869494,2.1470885034843924e-07,9608.921554658607
0.1,1000,125.66370614359172,44.0893518629341,1.9958300896325865e-05,0.8405714945114925,0.19273671283430405,219.50499839608062,2.441980949425279e-06,11469.416459708615
0.1,1000,125.66370614359172,52.6328384022996,1.30193657521614e-05,0.8515411135042196,0.16553446209663214,260.4725290451738,3.200994432130362e-06,13690.886392307857
0.1,1000,125.66370614359172,62.83185307179586,2.0716555157298522e-05,0.8284599455322265,0.1435991124176149,309.7174541269164,1.5178177790478136e-06,16343.12184224844
0.1,1000,188.49555921538757,2.1709079388110846,0.004355059107958715,0.6426576456014489,5.5280077277906425,368.4967686171202,6.066111216118664e-07,5869.493517512414
0.1,1000,188.49555921538757,2.591579188665106,0.002301934400611991,0.6757007982275854,4.630819014936376,309.82043396925053,4.280642271620172e-06,4927.591387875604
0.1,1000,188.49555921538757,3.0937667005816545,0.0013113711047632636,0.7011274659872458,3.8792893935566575,261.19783970341473,3.2107055544308713e-06,4138.581034746142
0.1,1000,188.49555921538757,3.6932664220683193,0.0007989235464186335,0.7213586662962587,3.249780056939707,221.1842095562043,1.27453925104974e-06,3477.6447041472043
0.1,1000,188.49555921538757,4.408935186293411,0.0005123103961140912,0.7387338951364203,2.7224901788481954,188.6110722503744,1.8021014920256337e-06,2923.993118495691
0.1,1000,188.49555921538757,5.263283840229962,0.000336902264883305,0.7550939037233757,2.280834304554847,162.54755864364896,1.8472874615616894e-06,2460.211564807062
0.1,1000,188.49555921538757,6.283185307179586,0.00021975622128651221,0.771779394552671,1.910920448546614,142.27026704802861,1.4604522865549253e-06,2091.5918286919327
0.1,1000,188.49555921538757,7.500719855274338,0.00013732190333464044,0.7896173036396463,1.6011132515776552,127.23864062475647,6.799468741619345e-07,2466.1514673565466
0.1,1000,188.49555921538757,8.954184159270191,8.017319830454342e-05,0.8087020499773782,1.3416679866916097,117.0728268915865,1.2386114576282137e-06,2926.6224817563643
0.1,1000,188.49555921538757,10.689295894946174,4.439685064225662e-05,0.8279314707032841,1.1244239473639541,111.53266660217123,6.873005832752589e-08,3484.02152489398
0.1,1000,188.49555921538757,12.760631755760757,2.6364928013443615e-05,0.844424461249054,0.942548007986954,110.49894972755412,1.22488915501476e-06,4154.099924072836
0.1,1000,188.49555921538757,15.233344123546667,2.159239211041681e-05,0.8533543084038037,0.7903194507948686,113.96007900798546,9.172773555562116e-07,4956.535377388118
0.1,1000,188.49555921538757,18.185210389887885,2.636482537006038e-05,0.8493787115732953,0.6629501918458781,122.00712014415488,7.376164168215192e-07,5915.632408917636
0.1,1000,188.49555921538757,21.70907938811084,3.6310256812014616e-05,0.8310985893318146,0.5564341636250187,134.83735189799475,1.3630689924414497e-08,7061.2202949113325
0.1,1000,188.49555921538757,25.91579188665106,4.997850616952842e-05,0.8080239143067701,0.467421435059716,152.7638589105228,1.9274981821095935e-06,8429.142065244363
0.1,1000,188.49555921538757,30.93766700581654,4.3092262991242966e-05,0.8032205062942332,0.3931129203054558,176.2309393750985,2.6424107294942214e-07,10062.318628251096
0.1,1000,188.49555921538757,36.932664220683186,1.4038196296070178e-05,0.8315105915860567,0.3311725494760226,205.8391622688701,1.7968852122704047e-06,12012.062229520454
0.1,1000,188.49555921538757,44.0893518629341,1.189085571353696e-05,0.859150814875164,0.2796543856556181,242.3809950569782,1.0417375024163747e-06,14339.669433625173
0.1,1000,188.49555921538757,52.6328384022996,1.132023557207731e-05,0.8528437112758385,0.23694172677472994,286.88150649753095,3.045670711686503e-06,17118.337181562234
0.1,1000,188.49555921538757,62.83185307179586,4.8593490928185e-06,0.8487633428116912,0.20169795282190525,340.63935358586133,4.264432358264153e-06,20435.45836649416
0.1,1000,251.32741228718345,2.1709079388110846,0.005509887750134278,0.6156392760680628,7.3704631223879575,490.81604944916387,0.007379930226496388,7803.714882194982
0.1,1000,251.32741228718345,2.591579188665106,0.002695801745693132,0.6522502761865726,6.174170059830919,412.0738017668182,0.05029497313079557,6547.8453760125685
0.1,1000,251.32741228718345,3.0937667005816545,0.0014829042285047578,0.6793721060958497,5.172081089578807,346.55063348936466,0.0011562250564085557,5495.831571839953
0.1,1000,251.32741228718345,3.6932664220683193,0.0009186815478776116,0.7010274272080509,4.332676215624592,292.26757963141273,0.0006205443210092199,4614.583131041371
0.1,1000,251.32741228718345,4.408935186293411,0.0006172442874432402,0.7199924835117089,3.629552562941511,247.61309675299165,1.4183620383738731e-05,3876.3810168393516
0.1,1000,251.32741228718345,5.263283840229962,0.0004295780946670963,0.7381597150917076,3.040593882182516,211.29054606722278,2.4226980333030054e-06,3258.0056119211804
0.1,1000,251.32741228718345,6.283185307179586,0.00029724025069601846,0.7569094339214028,2.547274926841087,182.27606694603878,2.266399599751124e-06,2740.006362053053
0.1,1000,251.32741228718345,7.500719855274338,0.00019763907546280446,0.7771293941421828,2.1340786422905644,159.78401551653684,2.0400578130250844e-06,2512.5844256313403
0.1,1000,251.32741228718345,8.954184159270191,0.00012310294380914815,0.7989129238473889,1.7880083076277082,143.23753563549639,2.0723505623045844e-06,2990.2872092402345
0.1,1000,251.32741228718345,10.689295894946174,7.10786808193753e-05,0.8209651932969211,1.4981785209565401,132.24109568849218,1.3843199212152812e-06,3566.048605193025
0.1,1000,251.32741228718345,12.760631755760757,3.894872913867407e-05,0.839871080589262,1.2554729162869847,126.55307741439995,6.368778155822524e-07,4255.062446892125
0.1,1000,251.32741228718345,15.233344123546667,2.288223565039826e-05,0.8498660997738745,1.0522574010458199,126.05962608133554,1.4509202520647177e-07,5078.518072972556
0.1,1000,251.32741228718345,18.185210389887885,1.991091042999706e-05,0.8446927220094682,0.8821400374454625,130.75504109320372,2.810228879478333e-07,6062.044043440577
0.1,1000,251.32741228718345,21.70907938811084,3.245753582619062e-05,0.8236783142667156,0.73977001761958,140.73587092710318,1.1765844943761158e-06,7236.424486841656
0.1,1000,251.32741228718345,25.91579188665106,5.9893232976945316e-05,0.800944949257077,0.6206693740756511,156.2126766968691,9.564373852494388e-07,8638.515268660238
0.1,1000,251.32741228718345,30.93766700581654,5.450152642473182e-05,0.8043749020244471,0.5210921961631109,177.53642230786963,2.286647611847258e-06,10312.37327246319
0.1,1000,251.32741228718345,36.932664220683186,2.487837887620719e-05,0.840756366673206,0.43790689479802664,205.23101828022888,2.7507042979394946e-06,12310.625049285114
0.1,1000,251.32741228718345,44.0893518629341,1.2041492078981546e-05,0.8563812405807777,0.3684978510036975,240.0243294933444,3.083228987387419e-06,14696.112444835791
0.1,1000,251.32741228718345,52.6328384022996,1.3191781363934776e-05,0.8314412460766155,0.31068344192314795,282.87693463812843,3.3210127092662414e-06,17543.863800213578
0.1,1000,251.32741228718345,62.83185307179586,5.7014288184020724e-06,0.8640257187080465,0.26264790272853084,335.0148944208488,4.333067422234026e-06,20943.450896828857
0.1,1000,314.15926535897927,2.1709079388110846,0.004770905990247391,0.5968251262224225,9.212955167822418,612.8483937705562,0.04852803118353677,9737.93624687755
0.1,1000,314.15926535897927,2.591579188665106,0.002389545073313003,0.6318444747220918,7.717564957487646,513.9555210675337,0.047416325543425744,8168.099364149532
0.1,1000,314.15926535897927,3.0937667005816545,0.0013786610004266273,0.6604654510931277,6.464925058004401,431.3975482445444,0.040115598733734714,6853.082108933764
0.1,1000,314.15926535897927,3.6932664220683193,0.0008946161253274718,0.683475695215715,5.415634774744669,362.6860049823198,0.06598344292618265,5751.521557935535
0.1,1000,314.15926535897927,4.408935186293411,0.0006308676919720989,0.7020600608585089,4.5366894141615655,305.76974673582197,0.00200574681323781,4828.768915183011
0.1,1000,314.15926535897927,5.263283840229962,0.0004667388341836224,0.7177963401275823,3.8004423649102894,258.99206747561277,0.006085070635466048,4055.7996590352977
0.1,1000,314.15926535897927,6.283185307179586,0.0003505715264468129,0.7322806727699437,3.183735503945155,221.03329296193994,2.889668648943745e-06,3408.300596700139
0.1,1000,314.15926535897927,7.500719855274338,0.00025925155638587786,0.7469439444746078,2.66717076084697,190.8593518997544,2.688957537145108e-06,2865.9051102167905
0.1,1000,314.15926535897927,8.954184159270191,0.00018331793086292042,0.7629666085942758,2.2345018272068953,167.680449697615,2.3296991204645515e-06,2879.5806267248367
0.1,1000,314.15926535897927,10.689295894946174,0.00012071612739880287,0.7811370981278517,1.8721137848366474,150.91789138589084,1.3084019152703948e-06,3284.5567956525074
0.1,1000,314.15926535897927,12.760631755760757,7.284215834011167e-05,0.8015439494208648,1.568613630803366,140.1754506663515,1.2399490061714684e-06,3834.630371733883
0.1,1000,314.15926535897927,15.233344123546667,4.070759802030672e-05,0.8230474238095963,1.3144531218359616,135.21160373837336,4.84749765634419e-07,4526.551486543001
0.1,1000,314.15926535897927,18.185210389887885,2.241084379255961e-05,0.842629996669427,1.1016378742433697,135.9138579696134,1.5285666112644172e-06,5371.855222532157
0.1,1000,314.15926535897927,21.70907938811084,1.4267665568322331e-05,0.8551107679175105,0.9234739870829807,142.28153149926058,1.5893827336750763e-06,6392.809767041238
0.1,1000,314.15926535897927,25.91579188665106,1.4631989879259191e-05,0.8543517192445191,0.7743575400541592,154.42424313692644,1.5575074593975214e-06,7618.873851146697
0.1,1000,314.15926535897927,30.93766700581654,2.7962099034126292e-05,0.8374479574879038,0.6495982695946346,172.57891021274298,7.67044371825978e-07,9087.00405349792
0.1,1000,314.15926535897927,36.932664220683186,5.8476442403358414e-05,0.8113169480848341,0.5452724453438621,197.14142708612897,2.642116346206611e-06,10842.410761246401
0.1,1000,314.15926535897927,44.0893518629341,7.375960233741716e-05,0.7942522430050029,0.45809883054431766,228.70516400330416,8.023410807054716e-07,12939.726735095786
0.1,1000,314.15926535897927,52.6328384022996,4.8011212194346165e-05,0.804426080919516,0.38533630777898314,268.09914815888254,2.415858660633014e-06,15444.571226928269
0.1,1000,314.15926535897927,62.83185307179586,1.6922007265081574e-05,0.8450834575896077,0.324697563917085,316.4229005088193,4.571406065197177e-06,18435.521099583868
0.1,1000,376.99111843077515,2.1709079388110846,0.0044924737561839135,0.5824272586612287,11.055465549882245,735.0843511868293,0.1773280644706574,11672.157611560118
0.1,1000,376.99111843077515,2.591579188665106,0.002465760190408835,0.6202955681390977,9.26098156537897,616.1399350993808,0.14805140734517863,9788.353352286496
0.1,1000,376.99111843077515,3.0937667005816545,0.0014748887189991605,0.651936752572015,7.757795103283146,516.7269340599722,0.5712065027442674,8210.332646027575
0.1,1000,376.99111843077515,3.6932664220683193,0.0009733643956650144,0.6764136339955261,6.49862452728553,433.76034592942267,0.4584450216957315,6888.459984829701
0.1,1000,376.99111843077515,4.408935186293411,0.0007048881955891029,0.6946583740755352,5.443863497068191,364.7368482567438,0.060096522999117497,5781.1568135266725
0.1,1000,376.99111843077515,5.263283840229962,0.0005497423902048915,0.7082662661701351,4.560335292738108,307.6134585458786,0.08228071755462452,4853.593706149415
0.1,1000,376.99111843077515,6.283185307179586,0.0004516376839500511,0.7187691132153222,3.820249163934307,260.76179757518906,0.059606426805025745,4076.5948313472245
0.1,1000,376.99111843077515,7.500719855274338,0.00038280698139460666,0.7274481548867119,3.2003262309667693,222.90633570400738,0.023156162825847582,3425.7202475672066
0.1,1000,376.99111843077515,8.954184159270191,0.0003284989639570099,0.7353600664250135,2.6810672729751692,193.06914815284009,0.012005229571641116,2880.4971622459293
0.1,1000,376.99111843077515,10.689295894946174,0.0002804453624331896,0.7434005185173251,2.2461393564496808,170.51755649415404,0.005033663950180083,2891.4529746439243
0.1,1000,376.99111843077515,12.760631755760757,0.00023421901328709977,0.7523409035924135,1.8818621622213425,154.71872904205352,1.6822324594307026e-06,3188.685464653484
0.1,1000,376.99111843077515,15.233344123546667,0.00018834664487921328,0.7628043994554736,1.5767776177867425,145.3028219551689,1.594094786696001e-06,3659.8616947042947
0.1,1000,376.99111843077515,18.185210389887885,0.0001440050378402136,0.7751485129587162,1.3212895253630732,142.0350579258503,1.5813497106540838e-06,4283.671616342083
0.1,1000,376.99111843077515,21.70907938811084,0.00010432820290981016,0.7892326951798073,1.107361724436871,144.79914230606167,9.184112337561751e-07,5065.464234881186
0.1,1000,376.99111843077515,25.91579188665106,7.270443784924791e-05,0.8041220289463281,0.9282653206674375,153.59596777117827,2.2814750535570666e-06,6017.553000051681
0.1,1000,376.99111843077515,30.93766700581654,5.060676209741066e-05,0.8179810637382636,0.7783670588080105,168.55788075724914,2.095241672894505e-06,7165.39070737766
0.1,1000,376.99111843077515,36.932664220683186,3.677743893705545e-05,0.8287339941920847,0.6529521522578615,189.97447828166366,2.3592985540803538e-07,8542.396818030918
0.1,1000,376.99111843077515,44.0893518629341,2.8446259555834113e-05,0.8360244496390559,0.5480760378296586,218.3250031480399,1.172863131239355e-06,10190.304526503489
0.1,1000,376.99111843077515,52.6328384022996,2.2558630882188335e-05,0.8434078492480533,0.4604403673751946,254.31380299495575,0.009637683086226978,12160.026969705725
0.1,1000,376.99111843077515,62.83185307179586,1.656072559842903e-05,0.8556694989950062,0.38728941229559094,298.90693752050635,0.06572727689734492,14512.987362893284
0.1,1000,439.822971502571,2.1709079388110846,0.004392988470052261,0.5778805472774288,12.897963958506589,857.4864576935661,1.3082398345866295,13606.378976242691
0.1,1000,439.822971502571,2.591579188665106,0.0024451790061514184,0.615948925422456,10.804383969939387,718.6202489406223,0.896443137659503,11408.607340423463
0.1,1000,439.822971502571,3.0937667005816545,0.0015184469843157397,0.6462362504459456,9.050680109755584,602.4656694103945,0.5252248598222877,9567.583183121385
0.1,1000,439.822971502571,3.6932664220683193,0.0010455782934009957,0.6695046880221839,7.58163216635307,505.41996892815814,0.34742851696978505,8025.398411723868
0.1,1000,439.822971502571,4.408935186293411,0.0007837995494054605,0.6870808414315888,6.351058851593622,424.52077117268516,0.25045257364376994,6733.544711870333
0.1,1000,439.822971502571,5.263283840229962,0.0006274996428862527,0.7002636824247515,5.320253619020526,357.33068835261713,0.11408153848350366,5651.387753263533
0.1,1000,439.822971502571,6.283185307179586,0.0005280523426934512,0.7101755443410448,4.456793143725515,301.9096844445725,0.0773922353798497,4744.889065994311
0.1,1000,439.822971502571,7.500719855274338,0.00046099351525099344,0.717759696806067,3.7335179009301114,256.70538288525734,0.08974773016967691,3985.535384917622
0.1,1000,439.822971502571,8.954184159270191,0.00041276188674614845,0.7238003073272822,3.1276777792654062,220.5369668069438,0.08543161911322326,3349.4417853761333
0.1,1000,439.822971502571,10.689295894946174,0.0003750790225445579,0.7289575059687506,2.6202165158135893,192.52309176447832,0.011918098834796081,2935.9988067717436
0.1,1000,439.822971502571,12.760631755760757,0.00034245972674038243,0.7338073510973212,2.195172312512946,172.02342472804236,0.003024153167397071,2865.5148965402823
0.1,1000,439.822971502571,15.233344123546667,0.00031101920752880783,0.7388807595192279,1.8391756805423052,158.57883376418633,2.028972588860592e-06,3056.9373159986685
0.1,1000,439.822971502571,18.185210389887885,0.00027798523594793915,0.7446917059043131,1.5410290265355182,151.86921021499035,1.2682454865477138e-06,3443.5274850292367
0.1,1000,439.822971502571,21.70907938811084,0.00024169133576323434,0.7517421969309988,1.2913543775194496,151.69315796175243,1.4353382924711867e-06,3992.4402252792133
0.1,1000,439.822971502571,25.91579188665106,0.00020189589341158644,0.7604847184134644,1.0822984488497704,157.9678680175118,1.991676469940192e-06,4696.224190873378
0.1,1000,439.822971502571,30.93766700581654,0.00016018828134183198,0.7712137793425918,0.9072855741926842,170.74373406783886,1.8927882123534608e-06,5561.371036779806
0.1,1000,439.822971502571,36.932664220683186,0.0001199513673452244,0.7838614945145775,0.7608109540739602,190.22972739243437,2.6786763291178632e-06,6609.447078790116
0.1,1000,439.822971502571,44.0893518629341,8.539763086192006e-05,0.7977353374276472,0.6382675033819908,216.82556206346322,4.404888794248492e-05,7870.232833681105
0.1,1000,439.822971502571,52.6328384022996,5.9661023760058445e-05,0.8113796915848479,0.535800993700624,251.1566714742464,0.001269872197365857,9381.444952170823
0.1,1000,439.822971502571,62.83185307179586,4.3270042248093096e-05,0.8230014857695813,0.4501889062650086,294.1100525468703,0.012544478837413196,11189.445925725639
0.1,1000,502.6548245743669,2.1709079388110846,0.005041467843197207,0.5665408112964931,14.740517116113507,979.8634281867867,0.22707832813291753,15540.600340925257
0.1,1000,502.6548245743669,2.591579188665106,0.0027370053197418075,0.6075717216486333,12.347865403963713,821.1204284325457,0.19404685505585678,13028.861328560432
0.1,1000,502.6548245743669,3.0937667005816545,0.0016734066076543833,0.6398307266883984,10.343598675606382,688.3157285235812,0.0979608297704466,10924.833720215198
0.1,1000,502.6548245743669,3.6932664220683193,0.0011332189834825325,0.6646279167957637,8.664662269684037,577.3286239835686,0.06963306020484056,9162.336838618034
0.1,1000,502.6548245743669,4.408935186293411,0.0008331068112188432,0.6834358859803052,7.258267499266087,484.75026437162745,0.03618573261125846,7685.932610213994
0.1,1000,502.6548245743669,5.263283840229962,0.0006529232439996689,0.6976722190426555,6.080187815059485,407.7841417627556,0.0562451799640493,6449.1818003776525
0.1,1000,502.6548245743669,6.283185307179586,0.0005368930114383872,0.7086072083011363,5.093314111784468,344.16493510090453,0.0990268444758883,5413.183300641397
0.1,1000,502.6548245743669,7.500719855274338,0.0004563883139195471,0.7173426241195142,4.266730468886585,292.09030607977286,0.023129644821663936,4545.350522268039
0.1,1000,502.6548245743669,8.954184159270191,0.0003954327678595184,0.7248265835333411,3.574315300595647,250.15646598646606,0.008612083518167855,3818.3864085063365
0.1,1000,502.6548245743669,10.689295894946174,0.0003444334511714045,0.731889718556118,2.9943259365421295,217.29700563774915,0.057981397914508515,3209.4248252760967
0.1,1000,502.6548245743669,12.760631755760757,0.00029737439134754274,0.7392912572234134,2.5085289013479266,192.7212920358487,0.005185417634344164,3216.5946199083587
0.1,1000,502.6548245743669,15.233344123546667,0.0002506878751001596,0.7477531465729139,2.101619703840877,175.85683739172825,0.00014428193142634882,3544.0435866859452
0.1,1000,502.6548245743669,18.185210389887885,0.00020292750851952626,0.7579636930460322,1.7608234207579685,166.3066291478086,3.997676024030365e-06,4076.4092003090927
0.1,1000,502.6548245743669,21.70907938811084,0.00015482184699078762,0.7705210836559551,1.4754125909932982,163.82074659720098,1.8645897687250397e-06,4781.941832145306
0.1,1000,502.6548245743669,25.91579188665106,0.00010919524033059047,0.7857740560568959,1.2364098675542046,168.28456352680587,1.8397786942040686e-06,5657.051381416168
0.1,1000,502.6548245743669,30.93766700581654,7.015973183732176e-05,0.8035131625333607,1.0362976227384142,179.72196456118067,2.1169100797758473e-06,6723.450778993431
0.1,1000,502.6548245743669,36.932664220683186,4.137374699805297e-05,0.8224870812681241,0.8687815329622343,198.31398644007203,5.285075119877623e-06,8008.858339191691
0.1,1000,502.6548245743669,44.0893518629341,2.4250993289149963e-05,0.8398500181036364,0.7285926144712449,224.430310444799,0.00046554318507937686,9549.577265371732
0.1,1000,502.6548245743669,52.6328384022996,1.77664063220137e-05,0.8509316735161718,0.6113215202238307,258.66796646225845,0.0027361127225139625,11392.656109093747
0.1,1000,502.6548245743669,62.83185307179586,2.078816229868364e-05,0.8501045097480429,0.513279896782093,301.8917193803013,0.0003267162621952459,13595.24447289152
0.1,1000,565.4866776461628,2.1709079388110846,0.005495575888479429,0.5582063901899552,16.58303203139511,1102.3304334640654,1.0133862930338182,17474.82170560783
0.1,1000,565.4866776461628,2.591579188665106,0.002983402232827403,0.5994844653818774,13.891290104821984,923.732525829484,0.7653055678451892,14649.115316697395
0.1,1000,565.4866776461628,3.0937667005816545,0.0018575626841313582,0.6314918759852672,11.636474970413893,774.303927128765,0.4987085090117489,12282.084257309007
0.1,1000,565.4866776461628,3.6932664220683193,0.001287771985598179,0.6562373353295329,9.74767691500957,649.4050917356479,0.2339689652535526,10299.2752655122
0.1,1000,565.4866776461628,4.408935186293411,0.0009650576264090341,0.6754505817324048,8.165485034371224,545.1925254921756,0.08543789350915176,8638.320508557656
0.1,1000,565.4866776461628,5.263283840229962,0.0007646494174000458,0.6905878612316718,6.840132597902921,458.5220192343066,0.3333682157182807,7246.97584749177
0.1,1000,565.4866776461628,6.283185307179586,0.0006295436157301613,0.702933705777789,5.7299316453547116,386.7606318230175,0.5995823826359015,6081.4775352884835
0.1,1000,565.4866776461628,7.500719855274338,0.0005301697980696619,0.7136550631094151,4.7999619361708525,327.8980477367517,0.32896158565210953,5105.165659618457
0.1,1000,565.4866776461628,8.954184159270191,0.0004493673464202553,0.7238384808559511,4.020970916230642,280.28079740967166,0.21895639995555632,4287.33103163654
0.1,1000,565.4866776461628,10.689295894946174,0.00037676635064100587,0.7345161596755578,3.3684569182724324,242.64805061405207,0.1986051658612897,3610.650293261754
0.1,1000,565.4866776461628,12.760631755760757,0.0003064747824603309,0.7466760709039226,2.8218952590700663,214.0686989001263,0.10947578232858014,3883.8921896789684
0.1,1000,565.4866776461628,15.233344123546667,0.00023653901482110256,0.7612174635380915,2.3640943688571525,193.86572576414437,0.08316964422780425,4454.846960898373
0.1,1000,565.4866776461628,18.185210389887885,0.00016894443296217628,0.7787860597143677,1.9806543832567607,181.57859981994582,0.011167428233890367,5229.24326478597
0.1,1000,565.4866776461628,21.70907938811084,0.00010889005117793752,0.799402881876809,1.6595144821479981,176.9224582290801,1.5799852439967764e-05,6187.403583206704
0.1,1000,565.4866776461628,25.91579188665106,6.23719131790055e-05,0.8218121340188506,1.390573456657657,179.76044286065607,0.0007246641605718196,7358.326610531228
0.1,1000,565.4866776461628,30.93766700581654,3.2640879596205774e-05,0.842622129652657,1.165371984266741,190.09659509055072,0.002586588283269702,8766.37914502289
0.1,1000,565.4866776461628,36.932664220683186,1.8336706114716796e-05,0.85578555816666,0.9768266580409831,208.08980664571186,0.02117514873950988,10453.48269045535
0.1,1000,565.4866776461628,44.0893518629341,1.6005830526553882e-05,0.8538947238861303,0.8190067141837808,234.08581864243425,0.052873408505634406,12471.370544326783
0.1,1000,565.4866776461628,52.6328384022996,2.67540495306184e-05,0.83357251243399,0.6869484576127955,268.65959336729526,0.04009329325378063,14882.714261181542
0.1,1000,565.4866776461628,62.83185307179586,5.623254867245774e-05,0.8051977683597276,0.5764982255418742,312.66253197532615,0.005976792844601038,17762.88146268177
0.1,1000,628.3185307179585,2.1709079388110846,0.005823273338454322,0.5505782697513428,18.425558323722168,1224.7542432035818,10.80714875493095,19409.043070290394
0.1,1000,628.3185307179585,2.591579188665106,0.0031667189367824452,0.5930903813005098,15.434709662901652,1026.2940631088213,8.905123251914006,16269.369304834354
0.1,1000,628.3185307179585,3.0937667005816545,0.001957609008164917,0.6264318789825537,12.92937987834778,860.2354508752549,7.30330221577276,13639.334794402816
0.1,1000,628.3185307179585,3.6932664220683193,0.0013351127706424447,0.6524779961699281,10.830708231523317,721.415355811059,5.949094186088132,11436.21369240636
0.1,1000,628.3185307179585,4.408935186293411,0.0009785274058298073,0.6728231790379287,9.072708741272141,605.5500506414982,4.791365112004428,9590.708406901314
0.1,1000,628.3185307179585,5.263283840229962,0.0007554254240866286,0.688930187156871,7.600084783560396,509.11844229429636,5.1090789145615485,8044.769894605886
0.1,1000,628.3185307179585,6.283185307179586,0.0006036625525693401,0.7021772414246759,6.366516037190512,429.2016163350888,2.1073079540344155,6749.771769935569
0.1,1000,628.3185307179585,7.500719855274338,0.0004907389386358527,0.7138472117848653,5.333201484824288,363.48079406416275,0.35794733324752315,5664.980796968872
0.1,1000,628.3185307179585,8.954184159270191,0.00039837712530497185,0.7251286040066978,4.467639879323115,310.09323454050684,0.26916200330936135,4756.275654766743
0.1,1000,628.3185307179585,10.689295894946174,0.00031637345832009396,0.7371325244647692,3.7426027939065754,267.61245171179706,0.8885130850478773,3995.0736757289424
0.1,1000,628.3185307179585,12.760631755760757,0.0002402294628375508,0.7508856907165536,3.135287453474134,234.94171254739686,0.46615277769953123,4195.076490582745
0.1,1000,628.3185307179585,15.233344123546667,0.00017005464726202902,0.767253843654164,2.6265904791198094,211.29483963655164,0.1223946337706544,4973.233286884158
0.1,1000,628.3185307179585,18.185210389887885,0.00010944426504140457,0.7867217764270192,2.200510956969656,196.13323322037232,0.2187219944112194,5918.634181836451
0.1,1000,628.3185307179585,21.70907938811084,6.305679162455142e-05,0.8089414544812111,1.8436469467665775,189.11929881720894,0.008461207355894153,7054.932597375805
0.1,1000,628.3185307179585,25.91579188665106,3.318471958902749e-05,0.8319892203779764,1.5447735538040916,190.08099848351347,1.5228782088235913e-05,8415.877358312591
0.1,1000,628.3185307179585,30.93766700581654,1.802531385829648e-05,0.851474391800992,1.2944899335640412,198.9938663763142,0.0029137527493503512,10044.440129227964
0.1,1000,628.3185307179585,36.932664220683186,1.4086525369338108e-05,0.8602434171334993,1.0849236823629702,215.99476124594267,0.027918034135638696,11989.719014791594
0.1,1000,628.3185307179585,44.0893518629341,2.1839384675536283e-05,0.8505453133875658,0.9094830480971327,241.39990185579077,0.03660589617919641,14312.368153523776
0.1,1000,628.3185307179585,52.6328384022996,5.041323268293867e-05,0.8211698566125819,0.7626497875609692,275.7588566907469,0.024417923754074082,17085.340494902168
0.1,1000,628.3185307179585,62.83185307179586,9.618710684750668e-05,0.7881393507691316,0.6398055318875183,319.89815370692384,0.09664573215911787,20395.79967076084
0.1,1000,691.1503837897544,2.1709079388110846,0.006089990520882214,0.5462556130553892,20.26810834877439,1347.11620922427,12.453524502793243,21343.264434972963
0.1,1000,691.1503837897544,2.591579188665106,0.003322417365025571,0.5892206533509335,16.97817357471999,1128.7840415534029,10.50697640754106,17889.623292971322
0.1,1000,691.1503837897544,3.0937667005816545,0.0020575016795201582,0.6229475775727941,14.222276000664829,946.0686543805363,8.880597235921527,14996.58533149663
0.1,1000,691.1503837897544,3.6932664220683193,0.0014098774571510214,0.6492308816599947,11.913743345345715,793.2712000079515,7.517555389691097,12573.152119300528
0.1,1000,691.1503837897544,4.408935186293411,0.0010438516050520483,0.6696044721416161,9.979937028011884,665.680440244582,6.331088898501207,10543.096305244975
0.1,1000,691.1503837897544,5.263283840229962,0.0008191420851291671,0.6855108256538478,8.360042360531185,559.3927148562682,5.2684734273100275,8842.563941720005
0.1,1000,691.1503837897544,6.283185307179586,0.0006698303325006076,0.6983165766716477,7.003106884087938,471.17517803599054,4.42860486649181,7418.066004582655
0.1,1000,691.1503837897544,7.500719855274338,0.0005613710173885117,0.709284426177939,5.866449094701737,398.465759050522,3.604167368987518,6224.795934319287
0.1,1000,691.1503837897544,8.954184159270191,0.0004741306349096724,0.7195727889256964,4.914316247570188,339.1601300161654,2.4040475375555364,5225.220277896947
0.1,1000,691.1503837897544,10.689295894946174,0.0003963042527954357,0.7302645353170942,4.116759704112661,291.6472761536664,1.594780558994728,4387.898100955365
0.1,1000,691.1503837897544,12.760631755760757,0.0003213317455499662,0.7423878617219168,3.448692852146629,254.70436388972334,0.7857741251480095,4296.87366752268
0.1,1000,691.1503837897544,15.233344123546667,0.0002471155657967849,0.7568838434096504,2.8891021903858847,227.42078228426809,0.1425306791407434,5129.36126563086
0.1,1000,691.1503837897544,18.185210389887885,0.0001758155574468395,0.7744658560079719,2.4203861508706095,209.1703773476511,0.07264847443633385,6123.257341942391
0.1,1000,691.1503837897544,21.70907938811084,0.00011293458964617246,0.7952839528458827,2.0278016502208365,199.54847872462042,0.05371410210292876,7309.786373717621
0.1,1000,691.1503837897544,25.91579188665106,6.453814463886895e-05,0.8183150649777386,1.699000196936114,198.33055537240074,0.0013804658959075049,8726.250962317148
0.1,1000,691.1503837897544,30.93766700581654,3.3476504261437934e-05,0.8405097297086388,1.4236396201599986,205.44932235037834,1.7811076111624818e-05,10417.19631511737
0.1,1000,691.1503837897544,36.932664220683186,1.790068564192123e-05,0.8561145797144075,1.1930586658492897,220.99804287096754,0.0016609493137675893,12435.806486556945
0.1,1000,691.1503837897544,44.0893518629341,1.4192659762832899e-05,0.8573970712736533,1.0000046197052062,245.2553609221532,0.00799975709729968,14845.574578937158
0.1,1000,691.1503837897544,52.6328384022996,2.3729187380223716e-05,0.8388807876677267,0.8384051784650948,278.72770254936205,0.018077123467950682,17722.298454946562
0.1,1000,691.1503837897544,62.83185307179586,5.8496145483522815e-05,0.806052517496512,0.7031774738118437,322.2002390734493,0.04325619050159908,21156.464176638907
0.1,1000,753.9822368615503,2.1709079388110846,0.006092022901383198,0.544648229099657,22.110564464427515,1469.5205377462726,65.40691718639005,23277.485799655537
0.1,1000,753.9822368615503,2.591579188665106,0.0032873651085908347,0.5888424725790742,18.521598430559244,1231.2701909066586,52.71451444878312,19509.877281108285
0.1,1000,753.9822368615503,3.0937667005816545,0.0020136630261153635,0.623328025034357,15.515154836151455,1031.854426433706,41.882402401468994,16353.83586859044
0.1,1000,753.9822368615503,3.6932664220683193,0.0013677426297662749,0.6498899598941564,12.996729300313076,865.0516431332105,32.64004185491035,13710.090546194693
0.1,1000,753.9822368615503,4.408935186293411,0.0010066957308261422,0.6701437536689087,10.887049993479106,725.6875486492155,24.802874065949595,11495.484203588636
0.1,1000,753.9822368615503,5.263283840229962,0.000787944517935435,0.6855801184525275,9.120004221654545,609.4790197816066,18.27591152380012,9640.357988834123
0.1,1000,753.9822368615503,6.283185307179586,0.000645281700823938,0.6975519453827278,7.639702523230561,512.9070765119243,13.03392743831256,8086.360239229742
0.1,1000,753.9822368615503,7.500719855274338,0.0005445802493835175,0.7072500083869507,6.39970244492132,433.1212200830908,6.632877560944635,6784.611071669704
0.1,1000,753.9822368615503,8.954184159270191,0.00046665700777384276,0.7157117198917561,5.361000413822043,367.8078072053021,3.0182284397976353,5694.16490102715
0.1,1000,753.9822368615503,10.689295894946174,0.0003999771130174932,0.7238590152735672,4.4909247840595,315.1821917659537,1.236944954104682,4780.722526181789
0.1,1000,753.9822368615503,12.760631755760757,0.0003374046879249344,0.7325467015329337,3.762107978687223,273.8670482105203,0.5594610590184448,4271.279333977413
0.1,1000,753.9822368615503,15.233344123546667,0.00027516002287382137,0.7425911290846526,3.1516255812021643,242.83943607296774,0.3416288100683468,4984.559814753662
0.1,1000,753.9822368615503,18.185210389887885,0.0002125724999514921,0.754754595388317,2.6402753112232844,221.37671994883667,0.2599103373917273,5907.995854845911
0.1,1000,753.9822368615503,21.70907938811084,0.00015211987880961895,0.7696494929564255,2.211973022767602,208.99593825859125,0.13437590573929015,7030.331254718101
0.1,1000,753.9822368615503,25.91579188665106,9.876287397340469e-05,0.7875059255466977,1.8532467476643426,205.41319822324485,0.058010676461489274,8383.775549652757
0.1,1000,753.9822368615503,30.93766700581654,5.770610490963159e-05,0.8077572203950674,1.5528130600416785,210.50423998611404,0.15769750287179818,10002.516091625264
0.1,1000,753.9822368615503,36.932664220683186,3.12496620247985e-05,0.8284775736503075,1.3012220344132244,224.31522284098173,0.026317451439221637,11936.832023120176
0.1,1000,753.9822368615503,44.0893518629341,1.7551116407535722e-05,0.8459455083017879,1.0905604044682757,247.06798496333954,0.0514964256437338,14247.182390223465
0.1,1000,753.9822368615503,52.6328384022996,1.3205384921741735e-05,0.8550759320405825,0.9142011054101199,279.2454536905774,0.18774019527734453,17006.006359421954
0.1,1000,753.9822368615503,62.83185307179586,1.7367088057256614e-05,0.851806091050539,0.7665978493120044,321.5517009860598,0.3161411594168565,20299.940874239746
0.1,1000,816.8140899333463,2.1709079388110846,0.006153614781963246,0.5436478893847599,23.953189631625207,1592.05892074244,16.90088502779986,25211.707164338102
0.1,1000,816.8140899333463,2.591579188665106,0.0033168434060998476,0.5881994706028624,20.065079168329614,1333.8792646279949,14.041383254234233,21130.131269245252
0.1,1000,816.8140899333463,3.0937667005816545,0.002030069560577317,0.6229758922919745,16.80810136769352,1118.3245720873347,11.792223288315427,17711.086405684255
0.1,1000,816.8140899333463,3.6932664220683193,0.0013792797371880389,0.649698538995238,14.079810345749115,936.9250859101927,9.548441246240259,14847.028973088862
0.1,1000,816.8140899333463,4.408935186293411,0.001019332225433092,0.6698616807661943,11.794389637911538,785.768954077691,7.784868230896905,12447.872101932298
0.1,1000,816.8140899333463,5.263283840229962,0.0008059511439656739,0.68488468790753,9.879968616251174,659.6338697761777,6.269519106591588,10438.152035948244
0.1,1000,816.8140899333463,6.283185307179586,0.0006719081482349468,0.6960712415985871,8.276301984506334,554.6851185900904,4.978975656608782,8754.654473876828
0.1,1000,816.8140899333463,7.500719855274338,0.000582722826857594,0.7045472421078315,6.932960308287602,467.8220082317884,3.8818906177315284,7344.426209020121
0.1,1000,816.8140899333463,8.954184159270191,0.0005191841203750326,0.7112492947931257,5.807689863600839,396.5252751547045,2.975825725403922,6163.109524157356
0.1,1000,816.8140899333463,10.689295894946174,0.0004697866911240015,0.7169556015223193,4.865096226524872,338.82610022433363,2.2231043344575596,5173.546951408214
0.1,1000,816.8140899333463,12.760631755760757,0.00042697320465763934,0.7223349461942723,4.075530640716105,293.15390439787257,0.3057977435678936,4344.612510767804
0.1,1000,816.8140899333463,15.233344123546667,0.0003854830507462564,0.7280000704894078,3.414157977812006,258.3980934071856,0.5411757646821798,4650.955024280945
0.1,1000,816.8140899333463,18.185210389887885,0.00034170163739797986,0.7345426007290405,2.860175208138283,233.73890120493772,0.3441021017278556,5436.261018758954
0.1,1000,816.8140899333463,21.70907938811084,0.00029358076279506126,0.7425460685852812,2.396157147033557,218.60544785298654,0.30267036388210045,6441.266491425824
0.1,1000,816.8140899333463,25.91579188665106,0.00024105449190762635,0.7525537129640024,2.0075086094014574,212.64586396040372,0.1314697904061859,7660.094607822969
0.1,1000,816.8140899333463,30.93766700581654,0.00018656128074644033,0.7649579564287601,1.6820047886209732,215.68602032781067,0.11780542336168764,9126.469324857693
0.1,1000,816.8140899333463,36.932664220683186,0.0001349271632569441,0.7797832150953574,1.4094072459486553,227.7236828205028,0.05920118576831577,10883.770502812189
0.1,1000,816.8140899333463,44.0893518629341,9.186019926344473e-05,0.7963664567379469,1.1811416646014152,248.94545688453937,0.09844667312615611,12985.660818108157
0.1,1000,816.8140899333463,52.6328384022996,6.124699280278069e-05,0.8130748885410893,0.9900281834071352,279.7589115204685,0.14168050881183958,15497.313869683241
0.1,1000,816.8140899333463,62.83185307179586,4.31662793029514e-05,0.82745345369585,0.8300554518063179,320.84699454491954,0.26064052403151183,18497.1869370896
0.1,1000,879.645943005142,2.1709079388110846,0.006156367145260398,0.5430580490126817,25.79572592177597,1712.9735842437133,273.2101242926136,27145.928529020664
0.1,1000,879.645943005142,2.591579188665106,0.0032978585951180927,0.5880841685389187,21.608526790984712,1435.2260869361053,229.17003638630942,22750.38525738222
0.1,1000,879.645943005142,3.0937667005816545,0.0020149152714563777,0.6229522232541328,18.10100835419734,1202.9159426249307,180.58011439570774,19068.336942778064
0.1,1000,879.645943005142,3.6932664220683193,0.001372590115298398,0.6495124199404814,15.16284333600207,1008.2730919676725,145.35592320960308,15983.967399983027
0.1,1000,879.645943005142,4.408935186293411,0.001019147887804239,0.6694119741085183,12.701616277295152,845.5313634303049,113.4328346893031,13400.260000275957
0.1,1000,879.645943005142,5.263283840229962,0.0008101249486743289,0.6841261379227165,10.639935888495156,709.6582783279305,88.2438314117878,11235.94608306236
0.1,1000,879.645943005142,6.283185307179586,0.0006794359018515422,0.6949403986051848,8.912904220907611,596.5460342944833,60.760797011559916,9422.948708523914
0.1,1000,879.645943005142,7.500719855274338,0.0005936993655449276,0.7029231737899628,7.466216252910209,502.7152662258001,40.30146352727659,7904.241346370536
0.1,1000,879.645943005142,8.954184159270191,0.000534548124214995,0.7089323012889222,6.254385014380272,425.49108420989546,25.03764431450918,6632.054147287557
0.1,1000,879.645943005142,10.689295894946174,0.0004911359452696085,0.7136489138406554,5.239272568637264,362.75625199098954,7.8039011676370365,5566.371376634636
0.1,1000,879.645943005142,12.760631755760757,0.00045657456813600467,0.7176202711907633,4.388959224441668,312.7864895700347,5.489677714822392,4673.672748252658
0.1,1000,879.645943005142,15.233344123546667,0.000426035706132334,0.7213080287448435,3.676697443497778,274.37860648827996,2.456055158357761,4449.985104350454
0.1,1000,879.645943005142,18.185210389887885,0.0003959681403854822,0.7251281530565354,3.08008370258211,246.58964122772778,1.0849871906175417,4973.4303243946
0.1,1000,879.645943005142,21.70907938811084,0.0003636780011997497,0.7294767655428012,2.580351462453666,228.78654670965585,0.7048518109195415,5801.883932327799
0.1,1000,879.645943005142,25.91579188665106,0.0003272804738093744,0.7347416363549282,2.1617825080515267,220.55485170428344,0.12021573567221822,6867.06164244593
0.1,1000,879.645943005142,30.93766700581654,0.0002860134980102288,0.7412798720203172,1.8112108694574756,221.6700690758208,0.2796293815615095,8159.927316745919
0.1,1000,879.645943005142,36.932664220683186,0.00024074772498465193,0.7493425715826376,1.5176096042019134,232.09036886265474,0.3025465196260498,9716.49380419014
0.1,1000,879.645943005142,44.0893518629341,0.00019435306078679547,0.7589219915724311,1.2717437857610592,251.96000558463447,0.25991458808264845,11582.891835633316
0.1,1000,879.645943005142,52.6328384022996,0.0001513562300161035,0.7695155851316857,1.0658796875382284,281.6453246851912,0.055716252912220786,13816.124057091429
0.1,1000,879.645943005142,62.83185307179586,0.00011651865926739725,0.7798985106794587,0.8935423003037627,321.78056767873284,0.5072059093269702,16485.41416874939
0.1,1000,942.4777960769378,2.1709079388110846,0.006232207288515883,0.5413788683232772,27.63827405830108,1837.5874377575287,241.17105675299914,29080.149893703234
0.1,1000,942.4777960769378,2.591579188665106,0.00334894469513224,0.5866090910824003,23.151988676328617,1539.5097548358535,199.6386761807117,24370.639245519185
0.1,1000,942.4777960769378,3.0937667005816545,0.0020463086147530667,0.6218243046356045,19.39385170876346,1289.9377394155167,164.23351443295937,20425.587479871876
0.1,1000,942.4777960769378,3.6932664220683193,0.0013891324512480096,0.6487732012980936,16.245898651903797,1081.064607130009,131.34790192632957,17120.90582687719
0.1,1000,942.4777960769378,4.408935186293411,0.001026103306128013,0.66899878102444,13.608867046783946,906.3849898571685,103.77798551766612,14352.647898619618
0.1,1000,942.4777960769378,5.263283840229962,0.0008114219544740682,0.6839415882552785,11.399893457835804,760.4399997552131,76.07431015864206,12033.740130176477
0.1,1000,942.4777960769378,6.283185307179586,0.0006774400793038238,0.6949015281279383,9.549312710374387,638.9265718445268,49.758202284096555,10091.242943170999
0.1,1000,942.4777960769378,7.500719855274338,0.0005896693687387029,0.702976702466565,7.999313053873372,538.2083752028109,7.3508990560749226,8464.056483720951
0.1,1000,942.4777960769378,8.954184159270191,0.000529061010400341,0.7090542741219072,6.701080396374823,454.9728012605739,5.646974270200587,7100.99877041776
0.1,1000,942.4777960769378,10.689295894946174,0.0004843347208826141,0.7138390024996819,5.6131796465161266,387.23043732630134,4.261180371594264,5959.195801861059
0.1,1000,942.4777960769378,12.760631755760757,0.0004483979282613256,0.717898544951864,4.702392544143707,333.0724164325892,1.7891416571977734,5002.732985737512
0.1,1000,942.4777960769378,15.233344123546667,0.00041637129950653325,0.7217103863229931,3.939242600593223,291.0539437623784,1.838623040803217,4468.471081179069
0.1,1000,942.4777960769378,18.185210389887885,0.0003846761066490512,0.7257062506633528,3.29999863088541,260.23499468905453,0.4285440511145566,4974.895729661152
0.1,1000,942.4777960769378,21.70907938811084,0.0003506812547358247,0.7303017384828245,2.764553806690905,239.86059484913085,0.3805245033156381,5814.107365122465
0.1,1000,942.4777960769378,25.91579188665106,0.00031263865785604905,0.7359093319709823,2.316066103207668,229.45796680094813,0.7450288381578517,6886.434493371879
0.1,1000,942.4777960769378,30.93766700581654,0.00026994683532733244,0.7429269413532186,1.9404284449626872,228.76712552588933,0.2164251598902539,8187.586316022855
0.1,1000,942.4777960769378,36.932664220683186,0.00022356109879804426,0.751679191049006,1.625825682536793,237.70518443966319,0.2854647681431779,9753.479889194186
0.1,1000,942.4777960769378,44.0893518629341,0.00017619497379072694,0.7623033772891947,1.3623621468680016,256.3845697330369,0.4714149461722188,11630.384092347906
0.1,1000,942.4777960769378,52.6328384022996,0.00013180574955143877,0.7745839007930468,1.141750812460022,285.1387332236069,0.6518960541855738,13875.579106825066
0.1,1000,942.4777960769378,62.83185307179586,9.416637413903318e-05,0.7878226873749071,0.9570525220458745,324.5717978062256,1.6395488995463063,16558.66026589358
0.1,1000,1005.3096491487338,2.1709079388110846,0.0063155022681468205,0.5401005276060568,29.480752663814116,1956.0185937393442,358.0517550932923,31014.371258385803
0.1,1000,1005.3096491487338,2.591579188665106,0.003396751620851706,0.5853539587597204,24.695367318860825,1638.9437413372632,299.63158387477216,25990.893233656152
0.1,1000,1005.3096491487338,3.0937667005816545,0.002082453112393059,0.6204688202119045,20.686757016282957,1373.4671409713003,250.59749708359575,21782.838016965685
0.1,1000,1005.3096491487338,3.6932664220683193,0.001421906483268311,0.647287396526629,17.328947392994966,1151.269743767238,209.35719059938944,18257.84425377136
0.1,1000,1005.3096491487338,4.408935186293411,0.0010572096118454484,0.6674446871283618,14.51611389820663,965.4127343974674,174.5636701021853,15305.035796963277
0.1,1000,1005.3096491487338,5.263283840229962,0.0008409246209891378,0.6824178670073998,12.159903397122488,810.1291010503289,145.07896827578605,12831.534177290596
0.1,1000,1005.3096491487338,6.283185307179586,0.0007052831402266387,0.6935096663751743,10.186148834240582,680.6548729487906,119.95891170051192,10759.537177818087
0.1,1000,1005.3096491487338,7.500719855274338,0.000615841382634681,0.7018190421013086,8.532774370960944,573.0888269864572,90.74560576588632,9023.871621071368
0.1,1000,1005.3096491487338,8.954184159270191,0.0005534677113291933,0.7082456616436947,7.147786596149635,471.0492979410564,55.311922546216124,7569.943393547965
0.1,1000,1005.3096491487338,10.689295894946174,0.0005066579705229321,0.7135252121709847,5.987633854318819,405.7287176761047,38.08895865912149,6352.020227087484
0.1,1000,1005.3096491487338,12.760631755760757,0.00046793950276097766,0.718279327131101,5.01581632115154,353.4099476907684,20.109312419700217,5331.793223222366
0.1,1000,1005.3096491487338,15.233344123546667,0.00043206493702708224,0.7230651475793447,4.2018012866572825,307.89475768312764,7.061077161106546,4888.749445366759
0.1,1000,1005.3096491487338,18.185210389887885,0.0003950137860355724,0.7284225865231846,3.5199321625660707,274.0754548516701,0.6929371275538305,5600.254388817103
0.1,1000,1005.3096491487338,21.70907938811084,0.0003538304800707749,0.7349098067623048,2.9487554730995256,251.16646649013978,0.21417655125748186,6609.89180976817
0.1,1000,1005.3096491487338,25.91579188665106,0.0003067811166270214,0.7431101730825838,2.470329337336253,238.64373826067603,0.12429608311336021,7854.70818401465
0.1,1000,1005.3096491487338,30.93766700581654,0.0002538843394348666,0.7535996074365708,2.0696797237219613,236.20334092197314,0.0390366756351349,9354.048670396236
0.1,1000,1005.3096491487338,36.932664220683186,0.00019751393549899038,0.7668380738752577,1.734077905409975,243.7316396383168,0.006354772565511719,11152.083198204116
0.1,1000,1005.3096491487338,44.0893518629341,0.00014238257911057688,0.7829493410977937,1.4529835004534168,261.30870498113626,0.08872639294870951,13303.56784591517
0.1,1000,1005.3096491487338,52.6328384022996,9.420257902706678e-05,0.8013838248941533,1.2176377937176044,289.2371583001094,0.0770300385194541,15875.097817898326
0.1,1000,1005.3096491487338,62.83185307179586,5.729145570899324e-05,0.8205648422729588,1.020581721195933,328.08904103421713,0.050309828623728764,18946.913609353687
