tau,P,omega,omega_0,fidelity,epsilon,Teff,intH,DintH,normax
#REFERENCE:0.015798804420085674,0.49893038622179275,0.07497380877988832,0.3073586344335756
0.1,1000,62.83185307179586,2.1709079388110846,0.03084253904454721,0.42374066235518815,1.8883418327316654,48.06286700087942,2.2071834432453422e-07,969.2364320043906
0.1,1000,62.83185307179586,2.591579188665106,0.024258255410032833,0.4522341764424344,1.6232170390468745,41.38708298106263,3.013326548284567e-07,816.7257286666658
0.1,1000,62.83185307179586,3.0937667005816545,0.01772665911819558,0.4851040451045911,1.4226076644528576,36.10358478556091,9.510121401490323e-08,688.9019284461043
0.1,1000,62.83185307179586,3.6932664220683193,0.011440006411634002,0.5230037389218466,1.2779403597439913,32.04322090936711,1.8896497074976413e-07,581.7638413551716
0.1,1000,62.83185307179586,4.408935186293411,0.005941707782169313,0.5655108609571624,1.1819991393018126,29.070221804212018,1.670113682905594e-07,491.9731136237401
0.1,1000,62.83185307179586,5.263283840229962,0.0020880161056712355,0.6103876952093366,1.1294466214327588,27.080280647569243,2.811131875039662e-07,416.79738129127094
0.1,1000,62.83185307179586,6.283185307179586,0.0006107824069705312,0.6532607441266958,1.116548276890487,25.999356641833337,7.556018453507596e-08,493.67257030474354
0.1,1000,62.83185307179586,7.500719855274338,0.0011741613913694546,0.6887943092774428,1.1411998426211372,25.783098768743375,3.2605543859395186e-07,592.7995839411271
0.1,1000,62.83185307179586,8.954184159270191,0.0018200078728309468,0.7139447012338076,1.203051590839279,26.417272774142166,3.624945111250598e-08,710.5557724500643
0.1,1000,62.83185307179586,10.689295894946174,0.001032596857855683,0.730571831362786,1.3034246125343036,27.919936665569367,7.445403324370017e-08,850.5613773078132
0.1,1000,62.83185307179586,12.760631755760757,0.0014335248739396702,0.7412048035173623,1.4451608704604888,30.345909413068423,2.2822043582455894e-07,1017.1855388870317
0.1,1000,62.83185307179586,15.233344123546667,0.004796926890533644,0.7416108959766688,1.6325731588036156,33.79016291632303,2.6385681460778295e-07,1215.6268762415468
0.1,1000,62.83185307179586,18.185210389887885,0.004143905531580178,0.7292394238552546,1.8715271970775635,38.37820543259726,1.9902648690190444e-07,1452.147789443617
0.1,1000,62.83185307179586,21.70907938811084,0.00546082429034232,0.7158831214199759,2.176674923837792,44.24349841267894,1.652899163540083e-07,1734.162262935417
0.1,1000,62.83185307179586,25.91579188665106,0.006156369478398333,0.7268000649841143,2.562841050289265,51.531917733415625,1.736372829799441e-08,2070.530924817031
0.1,1000,62.83185307179586,30.93766700581654,0.0007831556223967788,0.7240058642571683,3.029728307538657,60.44115752158007,6.43073042674879e-07,2471.8330431972995
0.1,1000,62.83185307179586,36.932664220683186,0.0017811116456824525,0.7678886014715331,3.591062284924292,71.23906729380276,7.014498598330928e-07,2950.691092633422
0.1,1000,62.83185307179586,44.0893518629341,0.00019110530495937896,0.7603550615464048,4.264119207931586,84.27163115009016,1.147719359551047e-06,3522.1673556673
0.1,1000,62.83185307179586,52.6328384022996,0.0016172163842381377,0.7253349986225255,5.069897359842178,99.97455490979668,1.470023355452925e-06,4204.237477294706
0.1,1000,62.83185307179586,62.83185307179586,0.0009781082344159687,0.7031548682306651,6.037608067270743,118.86696033596354,7.021115165829631e-07,5018.355770627568
0.1,1000,125.66370614359172,2.1709079388110846,0.10334759036251345,0.26985248251769534,3.6995306628765423,90.2101354978026,3.2772479130471766e-07,1991.556285755589
0.1,1000,125.66370614359172,2.591579188665106,0.09067645443207623,0.28943044728213674,3.1108822094478836,75.93646661143659,7.795166823143518e-08,1673.7641331533364
0.1,1000,125.66370614359172,3.0937667005816545,0.07955532420058857,0.3076806218782623,2.6254099456301327,64.15406594533258,8.656903621870576e-07,1407.555140406997
0.1,1000,125.66370614359172,3.6932664220683193,0.0698214534005847,0.3251898157498759,2.230913260227197,54.52689994698948,6.002671550851657e-07,1184.5558948592527
0.1,1000,125.66370614359172,4.408935186293411,0.06104919276067422,0.342961455241279,1.9190031622192014,46.78810784016616,4.990839528885996e-07,997.7521154262349
0.1,1000,125.66370614359172,5.263283840229962,0.05268642335984014,0.3622585806615616,1.6825656141855032,40.727699706539056,3.9858163407801e-07,841.2866249647042
0.1,1000,125.66370614359172,6.283185307179586,0.04419889062142938,0.3844619645061139,1.513461935111361,36.182538787291485,3.058262285165973e-07,710.2196145872404
0.1,1000,125.66370614359172,7.500719855274338,0.035255613689393145,0.4108503668008633,1.4043712231303602,33.02896208734305,4.802335872293177e-07,600.4282824317091
0.1,1000,125.66370614359172,8.954184159270191,0.025888077041320803,0.44230532073056184,1.3516648780403586,31.17973286559136,1.158473508524657e-07,653.3941152572767
0.1,1000,125.66370614359172,10.689295894946174,0.01669704518077018,0.47882086671295576,1.3572153229396775,30.58738345396681,1.326588253609607e-07,787.8473382639067
0.1,1000,125.66370614359172,12.760631755760757,0.00893901415263155,0.5189189165820356,1.424358521442418,31.2480208261391,4.016656411920394e-07,947.9775279024717
0.1,1000,125.66370614359172,15.233344123546667,0.004167488014014057,0.5593805813733607,1.5535452558035205,33.18851240164501,8.835180960182609e-08,1138.6254227938186
0.1,1000,125.66370614359172,18.185210389887885,0.0030785739093485234,0.5961214375094552,1.7459578090028618,36.4402894322647,2.3943567839523894e-07,1365.58939560303
0.1,1000,125.66370614359172,21.70907938811084,0.004102863229362361,0.6266864703013058,2.0027407294848634,41.042180998487694,4.837537483213286e-08,1635.9398704162695
0.1,1000,125.66370614359172,25.91579188665106,0.004089001869635709,0.652407171723475,2.3276480853212957,47.07244106766624,2.3174596039568604e-07,1958.0641342548918
0.1,1000,125.66370614359172,30.93766700581654,0.00199837860087719,0.6763816627334931,2.728483808303381,54.67039176793903,7.180826657237965e-07,2342.100672266285
0.1,1000,125.66370614359172,36.932664220683186,0.0003749167114279409,0.6982456181554968,3.2166141942021484,64.04281965073399,6.547314390699675e-07,2800.1405316870732
0.1,1000,125.66370614359172,44.0893518629341,0.0030699173318211774,0.7120724373689375,3.8067508099068035,75.46786725068331,8.674881317718608e-07,3346.5231201336856
0.1,1000,125.66370614359172,52.6328384022996,0.006346719001954396,0.7158008148634303,4.517153996496609,89.30107984032503,8.021913928547243e-07,3998.4282420353497
0.1,1000,125.66370614359172,62.83185307179586,0.003474060777056179,0.7071950900999247,5.370389791523657,105.97363226697809,9.071264817142539e-07,4776.357160051921
0.1,1000,188.49555921538757,2.1709079388110846,0.1387269970575069,0.22577037047802,5.5376172342419965,134.8977070242965,1.8136509821991268e-06,2978.8359678013153
0.1,1000,188.49555921538757,2.591579188665106,0.1204923496260791,0.24575563659962324,4.64702571381438,113.30184886905795,1.5021677324100334e-06,2500.808700510556
0.1,1000,188.49555921538757,3.0937667005816545,0.105987776371681,0.26263103406182403,3.9064191598593667,95.3556356939358,1.0788750795880855e-06,2100.375736290296
0.1,1000,188.49555921538757,3.6932664220683193,0.09478647483577958,0.27629363187495753,3.294690333152818,80.5290177126787,5.769948758260567e-07,1764.9417438490168
0.1,1000,188.49555921538757,4.408935186293411,0.08619259504845349,0.28720430931086716,2.795710132044392,68.39538930986119,1.4942001891067327e-07,1483.9558878692274
0.1,1000,188.49555921538757,5.263283840229962,0.07944371716549785,0.2960810830735198,2.397770296852424,58.613768711912655,7.690557188257246e-07,1248.5799600604273
0.1,1000,188.49555921538757,6.283185307179586,0.07384909766300496,0.3037223055502266,2.092405310599884,50.912601071322044,7.43004381323778e-07,1051.4103796651993
0.1,1000,188.49555921538757,7.500719855274338,0.06875668627647437,0.3110185732665827,1.8726940045264762,45.07807951585906,5.163586251910601e-07,886.2453191440746
0.1,1000,188.49555921538757,8.954184159270191,0.06361765572547567,0.3189250012953833,1.7326064699662158,40.94927167904225,1.9942584827958854e-07,747.8896301448825
0.1,1000,188.49555921538757,10.689295894946174,0.057989111479364704,0.3284949144399997,1.66689002836039,38.417745218014545,5.183840343647717e-07,789.4510159364496
0.1,1000,188.49555921538757,12.760631755760757,0.05156551253307311,0.34085612676686206,1.6712617634503495,37.42391312861602,3.526904421846666e-07,943.0585932285873
0.1,1000,188.49555921538757,15.233344123546667,0.044330762107957646,0.3569805790465483,1.743849819961912,37.94467718817188,2.84745368617223e-07,1128.795987092544
0.1,1000,188.49555921538757,18.185210389887885,0.036749028624074455,0.377168172932553,1.8848802527810018,39.9817746449626,1.2458327422185374e-08,1350.985325128112
0.1,1000,188.49555921538757,21.70907938811084,0.029791890257282797,0.4004207163458979,2.0966111388625737,43.56579876591307,4.269359800624193e-07,1616.034068726729
0.1,1000,188.49555921538757,25.91579188665106,0.02441731647583307,0.42440942036237966,2.3853953258076213,48.77250667389698,4.3067703433832897e-07,1931.9220002068041
0.1,1000,188.49555921538757,30.93766700581654,0.020524962593299827,0.4468873634003797,2.7601780653533354,55.73513373121735,5.083302682690352e-07,2308.6555760047945
0.1,1000,188.49555921538757,36.932664220683186,0.016791140748805146,0.467833275617342,3.2309652240807583,64.64286293186774,4.3242903283577646e-07,2757.7330223876447
0.1,1000,188.49555921538757,44.0893518629341,0.012736919872313608,0.48962444678947226,3.8101816195496463,75.73627141901503,4.126266083792599e-07,3293.2757785954454
0.1,1000,188.49555921538757,52.6328384022996,0.009938093340738322,0.514203031764469,4.513490281123011,89.31930827004118,9.512415114541903e-07,3932.3118600565736
0.1,1000,188.49555921538757,62.83185307179586,0.008254627706447004,0.541120153154466,5.361158981298066,105.78096707923596,1.0351549646264433e-06,4694.806040239445
0.1,1000,251.32741228718345,2.1709079388110846,0.15261077337805232,0.21440616148844555,7.3777812451473315,179.58898139608812,0.0008747753446982642,3962.2085893887315
0.1,1000,251.32741228718345,2.591579188665106,0.13074197062747883,0.23702290292726053,6.186547304885825,150.68181186301194,0.00032867026632743546,3324.560657457395
0.1,1000,251.32741228718345,3.0937667005816545,0.114001381412449,0.2557804384455195,5.192906855389725,126.58546813209428,0.0003757330344313914,2790.417035914482
0.1,1000,251.32741228718345,3.6932664220683193,0.10156601404106744,0.2705171374033797,4.367423671842887,106.57318582583362,0.00039477833752243896,2342.9766207756516
0.1,1000,251.32741228718345,4.408935186293411,0.09245612712958433,0.28176334757438737,3.6867801598718777,90.05499879411637,0.0004960559912561926,1968.1654951423357
0.1,1000,251.32741228718345,5.263283840229962,0.08574785533116579,0.29026828009159156,3.133124874627194,76.55856312931674,5.2204939694073405e-06,1654.1942442538887
0.1,1000,251.32741228718345,6.283185307179586,0.080670206462159,0.29677041590690695,2.693393364127481,65.71137534404718,8.589072161242479e-07,1391.1871279137395
0.1,1000,251.32741228718345,7.500719855274338,0.07660669420802581,0.3019330426564464,2.358328589310236,57.22450589225967,7.022974514083821e-07,1170.871446174587
0.1,1000,251.32741228718345,8.954184159270191,0.07306379389393483,0.30635567908261363,2.1208633027815362,50.878228734158775,1.5358574501078692e-07,986.3173275034138
0.1,1000,251.32741228718345,10.689295894946174,0.06960571483189755,0.31064230686489624,1.9748059851453783,46.508854853481225,6.258901039210556e-07,831.7197546499882
0.1,1000,251.32741228718345,12.760631755760757,0.065839968447942,0.31546152210494655,1.9149274924939992,43.99579374712954,3.1232720232310385e-07,921.0642944172761
0.1,1000,251.32741228718345,15.233344123546667,0.06144351861119225,0.32159130438120415,1.9376052174351077,43.25231888613674,6.099494239508831e-07,1102.1384873867055
0.1,1000,251.32741228718345,18.185210389887885,0.05618576449451499,0.3299438891791874,2.0406759539091723,44.22757256807339,9.924555399720703e-09,1320.863610417785
0.1,1000,251.32741228718345,21.70907938811084,0.050077141738703077,0.34138483940805064,2.2234247224079504,46.91900511984451,5.396301353156704e-07,1582.750736718598
0.1,1000,251.32741228718345,25.91579188665106,0.043558115416727806,0.3562700040004482,2.487967732111873,51.382464117921025,4.5637082024541087e-07,1895.3804628912735
0.1,1000,251.32741228718345,30.93766700581654,0.037523413074648994,0.3738155181155066,2.8404207814971896,57.73138164011305,8.709434951015282e-09,2268.528632669026
0.1,1000,251.32741228718345,36.932664220683186,0.0327928341103005,0.3919813296308983,3.2905363006073514,66.13342171428262,6.977637357563599e-07,2713.46766071897
0.1,1000,251.32741228718345,44.0893518629341,0.029125065355500374,0.4086711327124265,3.8518772739481757,76.81726703730807,6.500119411612104e-07,3244.070211436065
0.1,1000,251.32741228718345,52.6328384022996,0.025328188834675084,0.42357814707093866,4.541980915438115,90.08635947226625,5.78992015221047e-07,3877.090647271162
0.1,1000,251.32741228718345,62.83185307179586,0.021837230479566063,0.43788451883820184,5.381407804049802,106.32831184485124,1.0965924330848992e-06,4632.639832966186
0.1,1000,314.15926535897927,2.1709079388110846,0.1565933289196992,0.21145006351904652,9.218847673629677,224.32262794958223,0.021813469474864178,4945.203516941063
0.1,1000,314.15926535897927,2.591579188665106,0.1336636072151491,0.23461559682724814,7.7275546744338355,188.12109025020825,0.01662399506230372,4147.995378342648
0.1,1000,314.15926535897927,3.0937667005816545,0.11629528187733001,0.25370798915561277,6.4818056863858855,157.90373499698504,0.012501382382424708,3480.1919616977475
0.1,1000,314.15926535897927,3.6932664220683193,0.10352149589029189,0.2686020225544706,5.4439959368162265,132.74204229926713,0.004220587581187374,2920.7879901637443
0.1,1000,314.15926535897927,4.408935186293411,0.09427519000332052,0.2798648039894055,4.583886402202556,111.8842263978581,0.004651869753217852,2452.187813589629
0.1,1000,314.15926535897927,5.263283840229962,0.08758802261344116,0.28826342185321663,3.8778228535185444,94.72224192908845,0.005592667596634838,2059.6519499780065
0.1,1000,314.15926535897927,6.283185307179586,0.08267413374038962,0.29453096396296513,3.3079491110415864,80.77053358578799,0.00016293315292618136,1730.8334656650131
0.1,1000,314.15926535897927,7.500719855274338,0.07892662684862747,0.2992975605483921,2.8612337378130546,69.64887419335687,1.5654471040432665e-06,1455.3896113897008
0.1,1000,314.15926535897927,8.954184159270191,0.07587575370799983,0.3030968256910643,2.5280874202847623,61.06421555328951,1.0801177984473423e-07,1224.656498544382
0.1,1000,314.15926535897927,10.689295894946174,0.07314216674527012,0.3064017049626183,2.300769588522949,54.795020904270054,5.126380518858056e-07,1031.3765827810255
0.1,1000,314.15926535897927,12.760631755760757,0.07041318021429013,0.309661645689791,2.1727574269381704,50.67785112772064,3.8192060780639273e-07,992.9247703658244
0.1,1000,314.15926535897927,15.233344123546667,0.06736835949550582,0.3133921438462406,2.1391509859875493,48.59721902823238,4.03841579486168e-07,1183.6677374521028
0.1,1000,314.15926535897927,18.185210389887885,0.06374929285287653,0.3181693092853419,2.196639781376338,48.480464488318525,3.762708615795418e-07,1411.9286655860171
0.1,1000,314.15926535897927,21.70907938811084,0.05935061101504554,0.32467081526328834,2.3437756303819297,50.2973882200927,6.864399701488142e-07,1685.034094168806
0.1,1000,314.15926535897927,25.91579188665106,0.0541128188539583,0.33358676801724196,2.582012025948505,54.06310103926998,4.829051843977855e-07,2011.1977447729105
0.1,1000,314.15926535897927,30.93766700581654,0.0482402977629588,0.34538859632442864,2.9156523405454027,59.84597933334667,6.1068279812157e-07,2400.6647432346895
0.1,1000,314.15926535897927,36.932664220683186,0.04224517405586729,0.3600038838850259,3.3517740058089713,67.78063839526664,3.9656320893755037e-07,2865.67804420676
0.1,1000,314.15926535897927,44.0893518629341,0.0367166267856204,0.37669657958822383,3.901417994908763,78.07822654456845,2.4381841967624496e-07,3420.860525989348
0.1,1000,314.15926535897927,52.6328384022996,0.03183708702134667,0.39448405523088814,4.580311726509382,91.0300063200714,6.780534726843142e-07,4083.6732528769685
0.1,1000,314.15926535897927,62.83185307179586,0.027343032214035924,0.41270359287197456,5.408923129298052,107.01206076025996,2.3093745731940437e-06,4874.963759424596
0.1,1000,376.99111843077515,2.1709079388110846,0.15886921008769367,0.21008775460774828,11.060378272673363,269.0606585863254,0.019144028605410313,5927.153788218629
0.1,1000,376.99111843077515,2.591579188665106,0.13537145445685486,0.23359682583011568,9.269367952609523,225.57701996368493,0.012739873017039827,4970.5537719443455
0.1,1000,376.99111843077515,3.0937667005816545,0.11765163512186019,0.2529265229146371,7.771912595206767,189.2410079018249,0.01854881195026792,4169.231410859589
0.1,1000,376.99111843077515,3.6932664220683193,0.10468503331273213,0.26795647910442544,6.522420069450107,158.9363128428899,0.02221030311025629,3497.981685620016
0.1,1000,376.99111843077515,4.408935186293411,0.09535942780340202,0.2792718853234941,5.483675253502556,133.75354302996342,0.02535456660726254,2935.690918221378
0.1,1000,376.99111843077515,5.263283840229962,0.08868143012804446,0.28765093589946644,4.626138777495787,112.94308606934071,0.03294106160670651,2464.6726564221294
0.1,1000,376.99111843077515,6.283185307179586,0.0838584794837164,0.2938247142277999,3.927064561047581,95.90832101064133,0.040061665968841344,2070.111359090885
0.1,1000,376.99111843077515,7.500719855274338,0.08028857342934498,0.2984075534249131,3.369560157260218,82.17532196616173,0.003975589588662842,1739.596384000931
0.1,1000,376.99111843077515,8.954184159270191,0.07751773890047231,0.30189909933708137,2.9414232555566757,71.37791086784303,0.0008805684311600093,1462.7316199925474
0.1,1000,376.99111843077515,10.689295894946174,0.07519318591757344,0.3047129497903346,2.633622806047795,63.234760554602055,0.0005083184100547379,1230.808484763195
0.1,1000,376.99111843077515,12.760631755760757,0.07302220485237954,0.3072160955775637,2.4387308986648097,57.533684988680946,4.627214927666046e-06,1048.1589817970284
0.1,1000,376.99111843077515,15.233344123546667,0.07074802766119756,0.30976970397810827,2.3501426251510718,54.11907415816179,3.319891632713734e-07,1244.5578197801985
0.1,1000,376.99111843077515,18.185210389887885,0.06810048963819736,0.3128029199076564,2.3623790534501894,52.885920487916394,4.212377419790692e-06,1482.2910808589738
0.1,1000,376.99111843077515,21.70907938811084,0.06482636975795275,0.31684519476361644,2.4724242090461366,53.7790267598283,6.384359258641348e-07,1766.8780624614815
0.1,1000,376.99111843077515,25.91579188665106,0.06069433717428191,0.3225801423271329,2.6806699757776293,56.79446555192448,6.802473140217605e-07,2107.7483151366782
0.1,1000,376.99111843077515,30.93766700581654,0.055572003092302154,0.33081336499224034,2.990665089230946,61.98250035611215,3.2202826272170133e-06,2514.8756595929804
0.1,1000,376.99111843077515,36.932664220683186,0.04956879741965726,0.3422728802275389,3.409218281020077,69.45311233195358,7.877932614519523e-05,3001.0556664938817
0.1,1000,376.99111843077515,44.0893518629341,0.04318077210296795,0.3571880360904252,3.9466058126633943,79.38558138221275,0.0020205704096619747,3581.5742710411864
0.1,1000,376.99111843077515,52.6328384022996,0.03724895943054135,0.37478952344645905,4.61680478392009,92.04220917358502,4.7647950166526784e-05,4274.687140010374
0.1,1000,376.99111843077515,62.83185307179586,0.03249804343072708,0.393201346590557,5.438582266378221,107.78157406513778,0.0019090062735104586,5102.1930020292
0.1,1000,439.822971502571,2.1709079388110846,0.15995868695131008,0.2094198991381382,12.902190324819403,313.8606356750507,0.8975778270482238,6909.504183724552
0.1,1000,439.822971502571,2.591579188665106,0.13618302601616444,0.23306641866019748,10.81156827341318,263.0845309259636,0.4933960544454976,5793.4466931518255
0.1,1000,439.822971502571,3.0937667005816545,0.11829182533043973,0.2524930943878058,9.062811703897145,220.63527887782797,0.38288469646656154,4858.55034061941
0.1,1000,439.822971502571,3.6932664220683193,0.10522706908380436,0.26758041280715844,7.602126325247874,185.17132491830884,0.10461029330676297,4075.40863281711
0.1,1000,439.822971502571,4.408935186293411,0.09586122420838064,0.2789173187169755,6.385479723240539,155.67422614743913,0.10387592022186709,3419.38840979191
0.1,1000,439.822971502571,5.263283840229962,0.08918808227813511,0.28728694919760317,5.3774956345254665,131.22602631700985,0.023076977479945526,2869.8550265936206
0.1,1000,439.822971502571,6.283185307179586,0.08441006531213384,0.29342043238546256,4.55054279320036,111.12260095465439,0.01061501325435188,2409.523305338128
0.1,1000,439.822971502571,7.500719855274338,0.08092901104391662,0.2979252296465494,3.8837744563665995,94.7895489924277,0.0525115135906607,2023.9138423515662
0.1,1000,439.822971502571,8.954184159270191,0.078301327554972,0.3012863779917224,3.3619549081971036,81.78855080059071,0.024199092781352474,1700.8975689271301
0.1,1000,439.822971502571,10.689295894946174,0.07619026121918941,0.3038926082759147,2.9739530124205076,71.77593955115898,0.008398423602471894,1430.3142401802181
0.1,1000,439.822971502571,12.760631755760757,0.07432713486263991,0.3060688422882921,2.711084932921382,64.49280603596935,0.0032055796509808943,1203.652851842884
0.1,1000,439.822971502571,15.233344123546667,0.07247932149835175,0.30811343349697246,2.5659631202356414,59.74642356550593,0.0030370042772765345,1263.8499007523906
0.1,1000,439.822971502571,18.185210389887885,0.0704309628458279,0.3103368344732243,2.532336815894327,57.400097269359605,0.001434302396214021,1505.9511699227828
0.1,1000,439.822971502571,21.70907938811084,0.0679449824637468,0.3131269531308679,2.60576053187489,57.36954523653677,0.0014022471483798172,1796.0377233922186
0.1,1000,439.822971502571,25.91579188665106,0.06478855502881933,0.3169829798224399,2.784541370923555,59.6240952631606,8.258447467226527e-05,2143.598442641606
0.1,1000,439.822971502571,30.93766700581654,0.06074397892348156,0.322562839121647,3.070609299470392,64.1919916845146,0.0034527428378825936,2558.87119568934
0.1,1000,439.822971502571,36.932664220683186,0.055685304005663905,0.33064970545030786,3.4699169341884946,71.16650395165696,1.9140807182011724e-05,3054.7293143653847
0.1,1000,439.822971502571,44.0893518629341,0.049714087716982325,0.341964364398612,3.9922864353368714,80.71187637559375,0.0026768058076349285,3646.7696576820736
0.1,1000,439.822971502571,52.6328384022996,0.0432974259251051,0.3567733748785621,4.651558065003236,93.07150948217415,0.003155643636288132,4353.6146240359185
0.1,1000,439.822971502571,62.83185307179586,0.03723601434261239,0.3744252621026005,5.465895016044348,108.58043105340768,0.008735236542701117,5197.497765901553
0.1,1000,502.6548245743669,2.1709079388110846,0.16070437474726285,0.20898313201529461,14.744259434414209,358.59569696693177,0.023340814994866097,7892.126957090454
0.1,1000,502.6548245743669,2.591579188665106,0.1367424026012264,0.23272208765228516,12.354194892203997,300.53677347037325,0.02089885322107539,6616.567477226542
0.1,1000,502.6548245743669,3.0937667005816545,0.11873637739765373,0.252211534513969,10.354251688903336,251.97977579288838,0.03711260186283888,5548.059796346676
0.1,1000,502.6548245743669,3.6932664220683193,0.10560774275198995,0.26733298036983333,8.682623099235046,211.42012479094214,0.03873592314752037,4652.994772769458
0.1,1000,502.6548245743669,4.408935186293411,0.09621173798768483,0.27868175090057334,7.288573019210136,177.61438263481153,0.029499091413284315,3903.2187790294197
0.1,1000,502.6548245743669,5.263283840229962,0.08953892803112548,0.2870420201223313,6.1307592340823005,149.5432345640776,0.03940817676391704,3275.148149745543
0.1,1000,502.6548245743669,6.283185307179586,0.08478889885713609,0.2931452807714493,5.176758358097141,126.37976968829138,0.05500734048856663,2749.0273743648822
0.1,1000,502.6548245743669,7.500719855274338,0.08136295426904121,0.2975970024280302,4.401564037702778,107.46239424293607,0.019245210546447393,2308.307701766872
0.1,1000,502.6548245743669,8.954184159270191,0.07882402090993858,0.3008742299995814,3.7868592923718327,92.2699181041058,0.010986779324686436,1939.1266111824382
0.1,1000,502.6548245743669,10.689295894946174,0.07684584828880642,0.3033518308799267,3.319312072674406,80.39872093238847,0.028887061820729337,1629.871776559502
0.1,1000,502.6548245743669,12.760631755760757,0.07517413417487369,0.3053324480257492,2.9889114012329077,71.54066739059867,0.014823173776123369,1370.8158091871999
0.1,1000,502.6548245743669,15.233344123546667,0.07359626582984143,0.30707800579676586,2.787267746562418,65.46409555184924,0.03217777699252756,1285.3898294809924
0.1,1000,502.6548245743669,18.185210389887885,0.071917051958297,0.30884450292507715,2.7070283389720773,62.00145514254124,0.007634013959050017,1526.0718377834826
0.1,1000,502.6548245743669,21.70907938811084,0.06993908750002041,0.3109235376620454,2.742614914395047,61.04165964736796,0.025364031774380586,1817.0017728406347
0.1,1000,502.6548245743669,25.91579188665106,0.06744121872133653,0.3136989849353952,2.891251721719088,62.530755898505525,0.0022767605634967936,2166.6103399229905
0.1,1000,502.6548245743669,30.93766700581654,0.06419759818948315,0.31768795353047613,3.153508827762937,66.47285358239013,0.010717032192805662,2584.2688365753884
0.1,1000,502.6548245743669,36.932664220683186,0.06000199082319344,0.32357785632531816,3.5337901275658643,72.94069017734644,0.004806953288081707,3083.105181656555
0.1,1000,502.6548245743669,44.0893518629341,0.05475889013660932,0.33216959477052155,4.0408681307814565,82.08062659693405,0.01446984609511035,3678.9216854158017
0.1,1000,502.6548245743669,52.6328384022996,0.048633731874975564,0.34414346545535635,4.687967768077677,94.12273096352548,0.005942411308886205,4391.095741023906
0.1,1000,502.6548245743669,62.83185307179586,0.04218494840922014,0.3596134255187281,5.493133196259384,109.3891187026385,0.0017174481845919458,5241.266311060176
0.1,1000,565.4866776461628,2.1709079388110846,0.16117796512022234,0.20870378094600275,16.586319353300485,403.36740970701544,0.2792660387824526,8874.0925569734
0.1,1000,565.4866776461628,2.591579188665106,0.13710116763287453,0.23250265443838014,13.896864549074213,338.0286928111099,0.34190728883379506,7439.138390727651
0.1,1000,565.4866776461628,3.0937667005816545,0.11901498229803155,0.2520395663544006,11.645936595580814,283.36849236046214,0.43139031472372835,6237.109395803148
0.1,1000,565.4866776461628,3.6932664220683193,0.10584374817805711,0.2671890580408756,9.763701646590588,237.70110070773984,0.22010672397425424,5230.196613482524
0.1,1000,565.4866776461628,4.408935186293411,0.09642844240258924,0.2785515749887153,8.192520296320225,199.58140246435144,0.21608644397755938,4386.728325380039
0.1,1000,565.4866776461628,5.263283840229962,0.08975291184507599,0.28691455605192406,6.885428451218116,167.90265700583126,0.268095904281779,3680.173842286923
0.1,1000,565.4866776461628,6.283185307179586,0.08501794467869052,0.29300847679250913,5.804974058150834,141.67534836376245,0.2063363156394189,3088.3090003971183
0.1,1000,565.4866776461628,7.500719855274338,0.0816265572422176,0.29743672428979945,4.922167585324761,120.17916042928178,0.24280369788513667,2592.517116196538
0.1,1000,565.4866776461628,8.954184159270191,0.07914287413593192,0.3006737101758902,4.215378475782639,102.80734484171968,0.2747369227393527,2177.20341205396
0.1,1000,565.4866776461628,10.689295894946174,0.07724829864608958,0.30308597094084366,3.6688807663850036,89.08507277732498,0.016272100886894236,1829.3044936910708
0.1,1000,565.4866776461628,12.760631755760757,0.07569901224899103,0.3049627268099929,3.271090226823353,78.65657263426873,0.008341131346611519,1537.877450497806
0.1,1000,565.4866776461628,15.233344123546667,0.07429668081198383,0.30654415149119274,3.012684178551095,71.25290831763219,0.005812826919608938,1293.7556541385088
0.1,1000,565.4866776461628,18.185210389887885,0.0728644209808357,0.30805131986741063,2.885537509874827,66.67414901641904,0.03205603650681152,1519.4662954983808
0.1,1000,565.4866776461628,21.70907938811084,0.07122921637395478,0.30971884587513765,2.882965240153727,64.78260761792902,0.02396732249701472,1810.4901524339973
0.1,1000,565.4866776461628,25.91579188665106,0.06919927309446386,0.3118417912646286,3.0008129346731467,65.50041109863932,0.021489719643303394,2159.7770326140276
0.1,1000,565.4866776461628,30.93766700581654,0.06656226571228938,0.3148221692156247,3.2385546640111404,68.81131345281342,0.004124621931951728,2577.1785579296397
0.1,1000,565.4866776461628,36.932664220683186,0.06309713279164765,0.3192175401486922,3.599564589691212,74.76686126168913,0.014613676143937937,3077.431309767856
0.1,1000,565.4866776461628,44.0893518629341,0.05861980438218012,0.32575664344778926,4.09143159861291,83.49512434309233,0.020080311028575836,3674.624598241008
0.1,1000,565.4866776461628,52.6328384022996,0.053093326005825336,0.33524142025237824,4.726420877135729,95.20927984334365,0.04842875700283855,4387.54270740212
0.1,1000,565.4866776461628,62.83185307179586,0.04678949089885734,0.34824637440613343,5.521916797290862,110.21882957524079,0.06725975478044832,5238.60996299339
0.1,1000,628.3185307179585,2.1709079388110846,0.16151157683491393,0.2085076609648973,18.428528204044056,448.1343941528595,6.793526865121294,9857.335972620464
0.1,1000,628.3185307179585,2.591579188665106,0.13735652550930338,0.23234521656472232,15.439746111808029,375.50510105688267,5.690999302755245,8262.779316139698
0.1,1000,628.3185307179585,3.0937667005816545,0.11921874960636233,0.25191064541027525,12.93789886631266,314.6963920506373,4.871081757517857,6927.054861134998
0.1,1000,628.3185307179585,3.6932664220683193,0.1060139051862348,0.2670783385258876,10.845161348804655,263.97435375627515,3.9553445685722295,5808.148354214565
0.1,1000,628.3185307179585,4.408935186293411,0.09658649708588418,0.27844666796657813,9.09711786250107,221.56864150696276,2.2365450251936165,4870.86539482119
0.1,1000,628.3185307179585,5.263283840229962,0.08991021969886258,0.2868076827652001,7.641078871041956,186.26020765387193,2.094769152675279,4085.724420639968
0.1,1000,628.3185307179585,6.283185307179586,0.08518510114186822,0.2928921986149061,6.434693019961072,157.00241877423602,1.3233984307589077,3428.0293862298363
0.1,1000,628.3185307179585,7.500719855274338,0.08181723686075852,0.2973011581492279,5.444868090748646,132.94021390788626,0.7047639283966787,2877.092966651357
0.1,1000,628.3185307179585,8.954184159270191,0.07937304174191898,0.3005064465084749,4.6466349440766885,113.38669308632079,0.47072531498430215,2415.5858525187423
0.1,1000,628.3185307179585,10.689295894946174,0.07753728731510512,0.3028704612939429,4.021743489841763,97.81970614338752,0.4007590114017507,2028.9916690193304
0.1,1000,628.3185307179585,12.760631755760757,0.07607380374933126,0.3046738709150736,3.5569040038211663,85.82747012574272,0.00798270129014611,1705.1503737697674
0.1,1000,628.3185307179585,15.233344123546667,0.07479485521764666,0.3061430531976149,3.241769834095324,77.10049442795575,0.005575362972379594,1433.87577141639
0.1,1000,628.3185307179585,18.185210389887885,0.07353760086594353,0.307476888509,3.067407570876766,71.40674007494388,0.0801822078705498,1530.3787746242233
0.1,1000,628.3185307179585,21.70907938811084,0.07214472221544875,0.30887586934659883,3.0262103131895715,68.58121356936654,0.036785102101944744,1818.05352576809
0.1,1000,628.3185307179585,25.91579188665106,0.07045249158156684,0.31057384146720873,3.112926435543552,68.52456021120653,0.07350882925662468,2165.0684059330815
0.1,1000,628.3185307179585,30.93766700581654,0.06826693167281463,0.3128903871841341,3.3257433337155686,71.19883064948415,0.05877577423209292,2582.298286709266
0.1,1000,628.3185307179585,36.932664220683186,0.06537690313273652,0.3162716208907638,3.66697260929275,76.63693874935672,0.06328831645043129,3080.603704318103
0.1,1000,628.3185307179585,44.0893518629341,0.06156913456949663,0.32133710157699946,4.143342094801657,84.94835217137846,0.05287597693545161,3675.6547682338564
0.1,1000,628.3185307179585,52.6328384022996,0.056698950531547034,0.3288621072837821,4.7662225877745,96.32954012371826,0.028754722901067144,4386.165977612111
0.1,1000,628.3185307179585,62.83185307179586,0.05082473601081411,0.3396141445858064,5.552121636330346,111.07580354181304,0.16184334058733651,5234.484390781661
0.1,1000,691.1503837897544,2.1709079388110846,0.1617523603519861,0.20836624428617245,20.27079878547842,492.9910750012741,0.4967022694240768,10837.449789281349
0.1,1000,691.1503837897544,2.591579188665106,0.13753965307520444,0.23223346058741182,16.98274396836262,413.0853286366013,0.42855746610717915,9083.798846153848
0.1,1000,691.1503837897544,3.0937667005816545,0.11936780348505464,0.25181958198839643,14.230034840378847,346.20467967599296,0.3644635514036736,7614.804682367384
0.1,1000,691.1503837897544,3.6932664220683193,0.10613889234781286,0.267002057039885,11.92689034681503,290.2754053551136,0.3101373237971643,6384.261141557034
0.1,1000,691.1503837897544,4.408935186293411,0.09669939396966767,0.278377737714935,10.002175489785444,243.56451252765845,0.3221254499250392,5353.462360444228
0.1,1000,691.1503837897544,5.263283840229962,0.09002334591055577,0.2867387498587777,8.397474919344454,204.64958022714146,0.31772060474398245,4489.985303706554
0.1,1000,691.1503837897544,6.283185307179586,0.08530517197256682,0.2928184303203587,7.06554072381479,172.35212044529547,0.3514303178992293,3766.6699206884723
0.1,1000,691.1503837897544,7.500719855274338,0.08195294449870376,0.29721654240774686,5.969195546797633,145.7222411082506,0.4702914128615987,3160.7648455147464
0.1,1000,691.1503837897544,8.954184159270191,0.07953663932507894,0.3004020738505709,5.080078622515568,123.99959605918033,0.6988877351297162,2653.211769217285
0.1,1000,691.1503837897544,10.689295894946174,0.07774350472783265,0.30273464157415686,4.3773154800955405,106.60248505431326,0.37176360317377544,2228.0459743145448
0.1,1000,691.1503837897544,12.760631755760757,0.076341993118092,0.3044897260425488,3.8457761695170274,93.07951928260971,0.047792545943821096,1871.894176089293
0.1,1000,691.1503837897544,15.233344123546667,0.07515211486348107,0.30588443916075436,3.473962588329966,82.99899065592702,0.07411669140418553,1573.5538755227547
0.1,1000,691.1503837897544,18.185210389887885,0.07402177890361895,0.3071025485562293,3.252219800412626,76.19034447004834,0.20971881638671266,1516.2079937419628
0.1,1000,691.1503837897544,21.70907938811084,0.0728085191575571,0.3083196284426024,3.1720979667444373,72.43019305539207,0.0284264493764681,1801.0496188706613
0.1,1000,691.1503837897544,25.91579188665106,0.07136444608135378,0.30973175716135437,3.227296063865952,71.59483290342257,0.0511022998610855,2147.112507919382
0.1,1000,691.1503837897544,30.93766700581654,0.06952160884941994,0.31159360050295404,3.414857346259733,73.62964951890602,0.0031859716999065313,2560.912499544124
0.1,1000,691.1503837897544,36.932664220683186,0.06708174571995307,0.3142674285861513,3.735988226848023,78.54517683228455,0.06025401042958436,3057.697622978617
0.1,1000,691.1503837897544,44.0893518629341,0.06383134368929458,0.31826758206688566,4.196483715695023,86.43456785436099,0.11697563389396913,3651.4687465397333
0.1,1000,691.1503837897544,52.6328384022996,0.05957722502757943,0.32428816722514514,4.806977310900766,97.47864105517654,0.21672310640953324,4360.266322842414
0.1,1000,691.1503837897544,62.83185307179586,0.05424546024631349,0.33313279191134615,5.583268997317011,111.95765176947543,0.23230589356314185,5206.38480518238
0.1,1000,753.9822368615503,2.1709079388110846,0.1619303571888954,0.20826145974891452,22.11311136408435,537.7228086430264,29.94607753588071,11820.884272945346
0.1,1000,753.9822368615503,2.591579188665106,0.13767423363547673,0.2321504390785337,18.52581771738512,450.5456897348939,24.394395305179003,9907.599882460721
0.1,1000,753.9822368615503,3.0937667005816545,0.11947725120260239,0.25175115982579377,15.522297999606579,377.57809378616815,18.945048481045326,8304.884339873275
0.1,1000,753.9822368615503,3.6932664220683193,0.10623517370172306,0.26694183223298906,13.008760931981747,316.5502991465211,12.197793733789249,6962.325378888899
0.1,1000,753.9822368615503,4.408935186293411,0.09678482662284399,0.27832338122106337,10.907591908109142,265.55428511446746,7.947700220384297,5837.693771638869
0.1,1000,753.9822368615503,5.263283840229962,0.09010863105637802,0.28668381983686303,9.154429353156987,223.03344740672057,5.103604254158083,4895.6150386469735
0.1,1000,753.9822368615503,6.283185307179586,0.08539671843953583,0.2927587786087834,7.6972666247081785,187.70237093942643,3.885051557253782,4106.456769984176
0.1,1000,753.9822368615503,7.500719855274338,0.08205656116785393,0.2971479522073044,6.494812369968061,158.51523344549557,3.1489163061369805,3445.3965590967846
0.1,1000,753.9822368615503,8.954184159270191,0.07966050901698445,0.3003185904158851,5.515283887564353,134.6384642029424,1.7048215751931504,2891.6412318362004
0.1,1000,753.9822368615503,10.689295894946174,0.07789903551512747,0.3026275932579218,4.735107873753994,115.40477696962806,1.2121416698167087,2427.7728121000832
0.1,1000,753.9822368615503,12.760631755760757,0.07654407767077291,0.3043467421668571,4.137224738500202,100.30452165564184,0.04886514684561405,2039.200651903948
0.1,1000,753.9822368615503,15.233344123546667,0.07542138914137562,0.3056867703617865,3.7088880410923273,88.94043805406845,0.028327092825009004,1713.7024930280704
0.1,1000,753.9822368615503,18.185210389887885,0.0743867488520093,0.3068212801316764,3.439649189274394,81.01858629675127,0.35526710051325655,1529.3456409007458
0.1,1000,753.9822368615503,21.70907938811084,0.07330909018626196,0.3079086984778051,3.3203377877763445,76.3228730766003,0.022231366706492395,1807.9397796048427
0.1,1000,753.9822368615503,25.91579188665106,0.07205442377274919,0.30911801020183943,3.3437036320945412,74.70889987476025,0.09883538956864452,2150.251903375902
0.1,1000,753.9822368615503,30.93766700581654,0.07047452557685158,0.31065863130674287,3.505701245804777,76.09809277394136,0.03826276782251625,2561.38265685755
0.1,1000,753.9822368615503,36.932664220683186,0.06838946915333746,0.3128266107950547,3.8064664998788933,80.4875237437982,0.08445612731317048,3056.079983770527
0.1,1000,753.9822368615503,44.0893518629341,0.06559559830447938,0.31604767119380917,4.250846716314577,87.95079598502731,0.12497177397793272,3646.7232046449476
0.1,1000,753.9822368615503,52.6328384022996,0.061882194360847236,0.3209231356104535,4.848661707895584,98.65367431106063,0.12210129849372564,4351.889885321332
0.1,1000,753.9822368615503,62.83185307179586,0.05709923495447431,0.32821819379248857,5.6151025114932605,112.86171582717091,0.23315874225967387,5193.760071302346
0.1,1000,816.8140899333463,2.1709079388110846,0.1620681547679587,0.20818055818866124,23.955451508249336,582.671781417401,1.0556698874115682,12802.510186234496
0.1,1000,816.8140899333463,2.591579188665106,0.13777667433869165,0.23208751097448363,20.06815573741103,488.1846231723912,0.8254379199302662,10729.885863868765
0.1,1000,816.8140899333463,3.0937667005816545,0.11956012542819396,0.25169974789686006,16.81466800940333,408.9115115426674,1.3865731142074083,8993.69480333337
0.1,1000,816.8140899333463,3.6932664220683193,0.10630899055015604,0.2668963756795324,14.090949752536028,342.88064604067887,0.546579932999407,7539.326361781583
0.1,1000,816.8140899333463,4.408935186293411,0.0968527744267205,0.27828153893322244,11.813297458822872,287.58710918004823,0.3555554175559337,6321.034424436915
0.1,1000,816.8140899333463,5.263283840229962,0.09017354845985842,0.2866433444945885,9.911843212465602,241.4579190406735,0.37971353211580094,5300.49849340851
0.1,1000,816.8140899333463,6.283185307179586,0.08546777341134981,0.292714141028813,8.329680703654596,203.09360855967446,0.1325624752454928,4445.6183439524
0.1,1000,816.8140899333463,7.500719855274338,0.08213683431866059,0.29709684102995826,7.021458097653272,171.35176902969278,0.24329997092809208,3729.50433495713
0.1,1000,816.8140899333463,8.954184159270191,0.07975555864662778,0.30025706655070306,5.951927629405584,145.317361467122,0.266777985617324,3129.6316145952064
0.1,1000,816.8140899333463,10.689295894946174,0.07801798248571039,0.3025489072649841,5.09477905068264,124.25279742418088,0.18890077459869303,2627.1316172865936
0.1,1000,816.8140899333463,12.760631755760757,0.07669931580269675,0.3042411340337169,4.4308801005497465,107.59225941677258,0.11540420584347544,2206.198566520131
0.1,1000,816.8140899333463,15.233344123546667,0.07562834253656282,0.30554078470305107,3.9461780299225246,94.9138513581164,0.14726886467694555,1853.592315505351
0.1,1000,816.8140899333463,18.185210389887885,0.07466764076691977,0.30661364794660007,3.6294014600582805,85.88201055953517,0.22347664737269213,1558.221887864491
0.1,1000,816.8140899333463,21.70907938811084,0.07369478334224258,0.30760602848790997,3.4707142368560597,80.25323446842798,0.07881368803637656,1790.7581732610013
0.1,1000,816.8140899333463,25.91579188665106,0.07258789869775346,0.30866670812119307,3.4619744411721722,77.85864713386317,0.20662990885779725,2132.322770732225
0.1,1000,816.8140899333463,30.93766700581654,0.07121290538843673,0.30997351918336025,3.598126331075751,78.60169784842107,0.24963845887970526,2544.0542789964734
0.1,1000,816.8140899333463,36.932664220683186,0.06941012014123127,0.3117701991095629,3.8782586916365696,82.46058644263906,0.18226226285614472,3035.7404572474725
0.1,1000,816.8140899333463,44.0893518629341,0.06698853784564066,0.31441197506248725,4.306296975507245,89.49385405306,0.29648317736769186,3622.8412236696904
0.1,1000,816.8140899333463,52.6328384022996,0.06373799620229258,0.3184121648848441,4.891253378875558,99.85186811309508,0.5451778412721592,4323.81977133308
0.1,1000,816.8140899333463,62.83185307179586,0.05946903429080735,0.32446639463853943,5.647648840279192,113.7854298753058,1.0325852138195406,5160.7225428081165
0.1,1000,879.645943005142,2.1709079388110846,0.16217867879001596,0.20811596625922646,25.79783845541143,627.038428742438,87.22553379551933,13785.393324391121
0.1,1000,879.645943005142,2.591579188665106,0.13785753461290817,0.23203779997853383,21.612115787013085,525.3754362515106,71.65648855360612,11553.225176111213
0.1,1000,879.645943005142,3.0937667005816545,0.11962355340927036,0.25166014281773585,18.107117880228405,440.28089958367485,57.19544715909019,9683.387835983971
0.1,1000,879.645943005142,3.6932664220683193,0.10636509416078865,0.2668613793337153,15.173227130272105,369.061700160816,45.52143194848027,8117.066913425169
0.1,1000,879.645943005142,4.408935186293411,0.09690827976888289,0.2782472427726712,12.719182749679145,309.5219137790215,36.39559564178314,6804.994908774449
0.1,1000,879.645943005142,5.263283840229962,0.09022626633401018,0.2866103251934049,10.669634275040796,259.8182699548419,25.384819042558643,5705.901539478309
0.1,1000,879.645943005142,6.283185307179586,0.08552329833504253,0.2926788790608252,8.96267392276349,218.44349939418152,16.963581127579943,4785.2156129933755
0.1,1000,879.645943005142,7.500719855274338,0.08220060787863202,0.2970559277668309,7.5489497977584845,184.19396607455377,0.9764958158362731,4013.977614754597
0.1,1000,879.645943005142,8.954184159270191,0.07983186027269451,0.30020738225802246,6.389727850175351,156.0066724821309,0.8385732466632874,3367.9288074438273
0.1,1000,879.645943005142,10.689295894946174,0.07811243959523873,0.3024863160112367,5.455994751740814,133.12790558656138,0.7238107541023453,2826.748189830517
0.1,1000,879.645943005142,12.760631755760757,0.07682110272020076,0.3041585590582859,4.7264282988367805,114.92423541098742,0.5720770765669698,2373.413314272907
0.1,1000,879.645943005142,15.233344123546667,0.0757910884831681,0.30542705039993523,4.1855589714692085,100.93463714853719,0.4155645666798762,1993.6648578532747
0.1,1000,879.645943005142,18.185210389887885,0.07488872599731163,0.30645287490052375,3.821249511230784,90.7924376513224,0.2555770199521561,1675.5581056168435
0.1,1000,879.645943005142,21.70907938811084,0.07399867135828442,0.30737327829243316,3.6230074217082335,84.2232204690133,0.11768203813491596,1799.591456957127
0.1,1000,879.645943005142,25.91579188665106,0.0730088320817785,0.30832215592208917,3.5819446740140073,81.0427719053288,0.5231607791442919,2145.2413840093623
0.1,1000,879.645943005142,30.93766700581654,0.07179726330012166,0.3094536218741424,3.691977116397906,81.13753375123896,0.31822120838757617,2558.547940435248
0.1,1000,879.645943005142,36.932664220683186,0.07022118373185762,0.3109720627991874,3.9513072309683896,84.46231276454843,0.28530993475436495,3052.4747783144644
0.1,1000,879.645943005142,44.0893518629341,0.06810454207853293,0.3131757742290365,4.362785650488911,91.06361509304882,0.19097273494893138,3642.8422396372553
0.1,1000,879.645943005142,52.6328384022996,0.06524549630755164,0.3165015707875841,4.934692808976232,101.07086488969222,0.4586832268898755,4349.585130405694
0.1,1000,879.645943005142,62.83185307179586,0.0614379287926782,0.32156700452344844,5.680869878738105,114.7260790662038,1.3363147251111505,5193.239512684746
0.1,1000,942.4777960769378,2.1709079388110846,0.16226714261593206,0.20806438214789508,27.64023731255006,672.2998680475174,87.25330955273795,14761.088003208413
0.1,1000,942.4777960769378,2.591579188665106,0.1379222904789388,0.23199807565985636,23.155334337078582,563.2544537192033,72.38771220591133,12370.542826555264
0.1,1000,942.4777960769378,3.0937667005816545,0.1196722283001659,0.25162974018143824,19.399610270647,471.94545893289325,60.298912152546635,10368.036597392653
0.1,1000,942.4777960769378,3.6932664220683193,0.10640744996706525,0.2668349613919565,16.255520562079603,395.6037169075056,44.953876664781355,8690.581920516834
0.1,1000,942.4777960769378,4.408935186293411,0.09695079483035231,0.278220930991165,13.62526441857151,331.7180198324823,34.77421279810747,7285.4156638435925
0.1,1000,942.4777960769378,5.263283840229962,0.09026949726457634,0.28658359368223035,11.42761916975195,278.345632252822,27.33492888965879,6108.3393319839515
0.1,1000,942.4777960769378,6.283185307179586,0.0855669374801415,0.29265146883165066,9.596091100767879,233.91272158913733,0.8655770688936855,5122.328834315816
0.1,1000,942.4777960769378,7.500719855274338,0.0822519783017997,0.29702326668384843,8.077120855270904,197.10206320004488,0.7567766273791392,4296.369918804806
0.1,1000,942.4777960769378,8.954184159270191,0.07989320527630606,0.300167854061164,6.828590892481865,166.73950697852592,0.5708714900630412,3604.4826409814837
0.1,1000,942.4777960769378,10.689295894946174,0.07818861867093632,0.30243637945416646,5.81856275874568,142.05834664700168,0.4144216786604602,3024.90418344731
0.1,1000,942.4777960769378,12.760631755760757,0.07691933272828334,0.3040928093070027,5.023613691936839,122.24955827285062,0.28354483244713435,2539.4043220838134
0.1,1000,942.4777960769378,15.233344123546667,0.07592151072385343,0.30533733653839834,4.426767628862033,106.96614773301505,0.537949900683202,2132.712007446198
0.1,1000,942.4777960769378,18.185210389887885,0.07506596427057749,0.30632649686768093,4.0149671452361835,95.71291266553297,0.3080045291958129,1792.0350248709967
0.1,1000,942.4777960769378,21.70907938811084,0.07424244940290547,0.3071911048196724,3.777076075787127,88.20572348753497,0.20043675569937136,1818.9103173461588
0.1,1000,942.4777960769378,25.91579188665106,0.0733467993922551,0.3080538480410614,3.7034849632195352,84.25620540252966,1.3134197796034592,2163.546812534272
0.1,1000,942.4777960769378,30.93766700581654,0.07226752418640627,0.3090506320637001,3.787244132228052,83.6994907467065,0.807953350321673,2576.819699271648
0.1,1000,942.4777960769378,36.932664220683186,0.07087549384647784,0.3103561927002939,4.02546269464265,86.49021850205506,0.74284480866324,3075.06625687721
0.1,1000,942.4777960769378,44.0893518629341,0.0690103982866327,0.3122227356200095,4.420214493447062,92.65295225674136,0.42082378047518576,3669.9289185393604
0.1,1000,942.4777960769378,52.6328384022996,0.06648172802119783,0.3150231038647092,4.9789223361181865,102.31014686361321,0.6204025642128049,4380.117739687227
0.1,1000,942.4777960769378,62.83185307179586,0.0630802747882733,0.3192991748908578,5.714678724986798,115.68408231257749,0.956922057446949,5227.97058417674
0.1,1000,1005.3096491487338,2.1709079388110846,0.16234198911685482,0.20802121480146257,29.482674344527208,716.8444554403951,0.09923299735362304,15742.604554223248
0.1,1000,1005.3096491487338,2.591579188665106,0.13797629648635942,0.23196511355216515,24.698607150321468,600.5719870777262,0.10905409754866259,13192.733285298993
0.1,1000,1005.3096491487338,3.0937667005816545,0.11971380072550071,0.2516039002711561,20.692295600698667,503.2204501499147,0.09199792023813133,11056.762962770643
0.1,1000,1005.3096491487338,3.6932664220683193,0.10644165122297254,0.2668136284405024,17.338077207863165,421.74400979048926,0.1288428956952435,9267.508174233875
0.1,1000,1005.3096491487338,4.408935186293411,0.09698317563428561,0.2782007925466433,14.53162524991245,353.6038559119649,0.10878996929770593,7768.689195388981
0.1,1000,1005.3096491487338,5.263283840229962,0.09030590489282697,0.286561107941183,12.186027672281607,296.6900026767177,0.10387925831930434,6513.161751734139
0.1,1000,1005.3096491487338,6.283185307179586,0.08560365976202224,0.29262854639025593,10.230077285155526,249.25967795217687,0.12705197139052352,5461.434129270782
0.1,1000,1005.3096491487338,7.500719855274338,0.0822928335981957,0.2969973487824815,8.605936265623146,209.8840483164906,0.0975528872207505,4580.424991003449
0.1,1000,1005.3096491487338,8.954184159270191,0.07994353384941488,0.30013553714344754,7.268508854432525,177.40357597137353,0.1992768204091613,3842.422827244208
0.1,1000,1005.3096491487338,10.689295894946174,0.07825073660463527,0.30239590544705586,6.182276553136436,150.8913145567392,0.157206416418846,3224.214309978419
0.1,1000,1005.3096491487338,12.760631755760757,0.07699880019180617,0.3040400497280847,5.322273286407517,129.61853804840257,0.13162564552071135,2706.3541343043676
0.1,1000,1005.3096491487338,15.233344123546667,0.07602732270937734,0.3052653476037251,4.669648696798079,113.02129345250228,0.10264686538558225,2272.5533803337926
0.1,1000,1005.3096491487338,18.185210389887885,0.07521007728566897,0.3062252457559024,4.210477217563184,100.66850532233515,0.057042077826886285,1909.1671569161747
0.1,1000,1005.3096491487338,21.70907938811084,0.07444091185597695,0.30704566685456103,3.93278859003063,92.23735834678398,0.11047558298648644,1816.5603430189328
0.1,1000,1005.3096491487338,25.91579188665106,0.07362229163380105,0.30784059694477733,3.8276702806280656,87.49437859012501,0.07203804646807181,2162.566731972882
0.1,1000,1005.3096491487338,30.93766700581654,0.0726515601201876,0.308731835942295,3.883717912556652,86.28618705471145,0.07727930212599418,2576.9007449107053
0.1,1000,1005.3096491487338,36.932664220683186,0.07141045588473284,0.3098716322285018,4.100749486785535,88.53885193975749,0.09487779412546773,3074.059170339128
0.1,1000,1005.3096491487338,44.0893518629341,0.06975486423101135,0.3114742167023551,4.4786514284487335,94.26294658370566,0.16540313664922723,3670.703194223222
0.1,1000,1005.3096491487338,52.6328384022996,0.06750528800068625,0.3138605131565052,5.02385191477606,103.56468403853648,0.2639901154411348,4382.929905516314
0.1,1000,1005.3096491487338,62.83185307179586,0.06445765032000468,0.3175032845440726,5.749251944306116,116.656174198732,0.09347012848872428,5233.141474958328
